АБСОЛЮТИЗИРОВАТЬ	106876-V	ВЫСКАЗАТЬ
АБСОЛЮТИЗИРОВАТЬ	116816-V	ОБРАТИТЬСЯ СО СЛОВАМИ
АБСОЛЮТИЗИРОВАТЬ	121163-V	ПРИЙТИ (ДОСТИГНУТЬ ПОСЛЕ К-Л. ДЕЙСТВИЙ)
АБСОЛЮТИЗИРОВАТЬ	111735-V	ВЫЧИСЛИТЬ, ИСЧИСЛИТЬ
АБСОЛЮТИЗИРОВАТЬ	106638-V	УМЕНЬШИТЬ
АБСОЛЮТИЗИРОВАТЬ	117028-V	ДОГАДАТЬСЯ
АБСОЛЮТИЗИРОВАТЬ	111641-V	КИНОФОТОСЪЕМКА
АБСОЛЮТИЗИРОВАТЬ	116009-V	ЗАПРЕТИТЬ (НЕ ПОЗВОЛИТЬ)
АБСОЛЮТИЗИРОВАТЬ	118698-V	ДЕЙСТВИЕ, ЦЕЛЕНАПРАВЛЕННОЕ ДЕЙСТВИЕ
АБСОЛЮТИЗИРОВАТЬ	106467-V	МЫСЛИТЕЛЬНЫЙ ПРОЦЕСС
АКТИВИРОВАТЬ	111735-V	ВЫЧИСЛИТЬ, ИСЧИСЛИТЬ
АКТИВИРОВАТЬ	116009-V	ЗАПРЕТИТЬ (НЕ ПОЗВОЛИТЬ)
АКТИВИРОВАТЬ	118698-V	ДЕЙСТВИЕ, ЦЕЛЕНАПРАВЛЕННОЕ ДЕЙСТВИЕ
АКТИВИРОВАТЬ	106876-V	ВЫСКАЗАТЬ
АКТИВИРОВАТЬ	116816-V	ОБРАТИТЬСЯ СО СЛОВАМИ
АКТИВИРОВАТЬ	106638-V	УМЕНЬШИТЬ
АКТИВИРОВАТЬ	121163-V	ПРИЙТИ (ДОСТИГНУТЬ ПОСЛЕ К-Л. ДЕЙСТВИЙ)
АКТИВИРОВАТЬ	106876-V	ВЫСКАЗАТЬ
АКТИВИРОВАТЬ	130936-V	ДОПОЛНИТЬ, ВНЕСТИ ДОПОЛНЕНИЕ
АКТИВИРОВАТЬ	106884-V	СЧИТАТЬ, ПРИЗНАВАТЬ КЕМ-ЛИБО
АМЕРИКАНИЗИРОВАТЬ	121163-V	ПРИЙТИ (ДОСТИГНУТЬ ПОСЛЕ К-Л. ДЕЙСТВИЙ)
АМЕРИКАНИЗИРОВАТЬ	106876-V	ВЫСКАЗАТЬ
АМЕРИКАНИЗИРОВАТЬ	116816-V	ОБРАТИТЬСЯ СО СЛОВАМИ
АМЕРИКАНИЗИРОВАТЬ	111641-V	КИНОФОТОСЪЕМКА
АМЕРИКАНИЗИРОВАТЬ	111735-V	ВЫЧИСЛИТЬ, ИСЧИСЛИТЬ
АМЕРИКАНИЗИРОВАТЬ	117028-V	ДОГАДАТЬСЯ
АМЕРИКАНИЗИРОВАТЬ	106638-V	УМЕНЬШИТЬ
АМЕРИКАНИЗИРОВАТЬ	106467-V	МЫСЛИТЕЛЬНЫЙ ПРОЦЕСС
АМЕРИКАНИЗИРОВАТЬ	106961-V	СОРЕВНОВАНИЕ, СОСТЯЗАНИЕ
АМЕРИКАНИЗИРОВАТЬ	118698-V	ДЕЙСТВИЕ, ЦЕЛЕНАПРАВЛЕННОЕ ДЕЙСТВИЕ
АНОДИРОВАТЬ	106876-V	ВЫСКАЗАТЬ
АНОДИРОВАТЬ	116816-V	ОБРАТИТЬСЯ СО СЛОВАМИ
АНОДИРОВАТЬ	106961-V	СОРЕВНОВАНИЕ, СОСТЯЗАНИЕ
АНОДИРОВАТЬ	118698-V	ДЕЙСТВИЕ, ЦЕЛЕНАПРАВЛЕННОЕ ДЕЙСТВИЕ
АНОДИРОВАТЬ	111978-V	ПРИБЛИЗИТЬСЯ НА РАССТОЯНИЕ
АНОДИРОВАТЬ	121163-V	ПРИЙТИ (ДОСТИГНУТЬ ПОСЛЕ К-Л. ДЕЙСТВИЙ)
АНОДИРОВАТЬ	117028-V	ДОГАДАТЬСЯ
АНОДИРОВАТЬ	116009-V	ЗАПРЕТИТЬ (НЕ ПОЗВОЛИТЬ)
АНОДИРОВАТЬ	118698-V	ДЕЙСТВИЕ, ЦЕЛЕНАПРАВЛЕННОЕ ДЕЙСТВИЕ
АНОДИРОВАТЬ	111641-V	КИНОФОТОСЪЕМКА
БИНТОВАТЬ	129183-V	РАССУЖДАТЬ (МЫСЛИТЬ, СТРОИТЬ УМОЗАКЛЮЧЕНИЕ)
БИНТОВАТЬ	130887-V	ВЫВЕСТИ, СДЕЛАТЬ ВЫВОД
БИНТОВАТЬ	111978-V	ПРИБЛИЗИТЬСЯ НА РАССТОЯНИЕ
БИНТОВАТЬ	106876-V	ВЫСКАЗАТЬ
БИНТОВАТЬ	116816-V	ОБРАТИТЬСЯ СО СЛОВАМИ
БИНТОВАТЬ	116009-V	ЗАПРЕТИТЬ (НЕ ПОЗВОЛИТЬ)
БИНТОВАТЬ	118698-V	ДЕЙСТВИЕ, ЦЕЛЕНАПРАВЛЕННОЕ ДЕЙСТВИЕ
БИНТОВАТЬ	112585-V	МЕТАТЬ, БРОСАТЬ С РАЗМАХОМ
БИНТОВАТЬ	114364-V	ЛОВЛЯ ДОБЫЧИ
БИНТОВАТЬ	3447-V	ОХОТА
БОДРИТЬСЯ	106876-V	ВЫСКАЗАТЬ
БОДРИТЬСЯ	116816-V	ОБРАТИТЬСЯ СО СЛОВАМИ
БОДРИТЬСЯ	111978-V	ПРИБЛИЗИТЬСЯ НА РАССТОЯНИЕ
БОДРИТЬСЯ	120015-V	ВЫЗВАТЬ (ПОТРЕБОВАТЬ ЯВИТЬСЯ)
БОДРИТЬСЯ	107441-V	НАЧАТЬ, ПРИСТУПИТЬ, ПРИНЯТЬСЯ
БОДРИТЬСЯ	111625-V	ЧЕРТИТЬ, ДЕЛАТЬ ЧЕРТЕЖ
БОДРИТЬСЯ	129183-V	РАССУЖДАТЬ (МЫСЛИТЬ, СТРОИТЬ УМОЗАКЛЮЧЕНИЕ)
БОДРИТЬСЯ	130887-V	ВЫВЕСТИ, СДЕЛАТЬ ВЫВОД
БОДРИТЬСЯ	116009-V	ЗАПРЕТИТЬ (НЕ ПОЗВОЛИТЬ)
БОДРИТЬСЯ	118698-V	ДЕЙСТВИЕ, ЦЕЛЕНАПРАВЛЕННОЕ ДЕЙСТВИЕ
БУРЕТЬ	106501-V	ЗАНЯТИЕ, ДЕЯТЕЛЬНОСТЬ
БУРЕТЬ	110440-V	ИСПОЛНИТЬ (ВОСПРОИЗВЕСТИ)
БУРЕТЬ	148420-V	ОТНОШЕНИЯ МЕЖДУ ЛЮДЬМИ
БУРЕТЬ	112995-V	СКЛОННОСТЬ (ПОСТОЯННОЕ ВЛЕЧЕНИЕ)
БУРЕТЬ	112585-V	МЕТАТЬ, БРОСАТЬ С РАЗМАХОМ
БУРЕТЬ	114364-V	ЛОВЛЯ ДОБЫЧИ
БУРЕТЬ	3447-V	ОХОТА
БУРЕТЬ	123430-V	КРИТИКОВАТЬ (ОБСУЖДАТЬ, РАЗБИРАТЬ С ЦЕЛЬЮ ОЦЕНИТЬ)
БУРЕТЬ	106701-V	ДОСТИЧЬ, ДОБИТЬСЯ
БУРЕТЬ	106565-V	САМОЧУВСТВИЕ
ВБУХИВАТЬ	106638-V	УМЕНЬШИТЬ
ВБУХИВАТЬ	116009-V	ЗАПРЕТИТЬ (НЕ ПОЗВОЛИТЬ)
ВБУХИВАТЬ	118698-V	ДЕЙСТВИЕ, ЦЕЛЕНАПРАВЛЕННОЕ ДЕЙСТВИЕ
ВБУХИВАТЬ	112585-V	МЕТАТЬ, БРОСАТЬ С РАЗМАХОМ
ВБУХИВАТЬ	114364-V	ЛОВЛЯ ДОБЫЧИ
ВБУХИВАТЬ	3447-V	ОХОТА
ВБУХИВАТЬ	106631-V	ИЗМЕНИТЬ, СДЕЛАТЬ ИНЫМ
ВБУХИВАТЬ	106876-V	ВЫСКАЗАТЬ
ВБУХИВАТЬ	116816-V	ОБРАТИТЬСЯ СО СЛОВАМИ
ВБУХИВАТЬ	129183-V	РАССУЖДАТЬ (МЫСЛИТЬ, СТРОИТЬ УМОЗАКЛЮЧЕНИЕ)
ВЕРЕЩАТЬ	112585-V	МЕТАТЬ, БРОСАТЬ С РАЗМАХОМ
ВЕРЕЩАТЬ	114364-V	ЛОВЛЯ ДОБЫЧИ
ВЕРЕЩАТЬ	3447-V	ОХОТА
ВЕРЕЩАТЬ	106961-V	СОРЕВНОВАНИЕ, СОСТЯЗАНИЕ
ВЕРЕЩАТЬ	118698-V	ДЕЙСТВИЕ, ЦЕЛЕНАПРАВЛЕННОЕ ДЕЙСТВИЕ
ВЕРЕЩАТЬ	129183-V	РАССУЖДАТЬ (МЫСЛИТЬ, СТРОИТЬ УМОЗАКЛЮЧЕНИЕ)
ВЕРЕЩАТЬ	130887-V	ВЫВЕСТИ, СДЕЛАТЬ ВЫВОД
ВЕРЕЩАТЬ	106631-V	ИЗМЕНИТЬ, СДЕЛАТЬ ИНЫМ
ВЕРЕЩАТЬ	106477-V	ПОЯВИТЬСЯ, ВОЗНИКНУТЬ, НАЧАТЬСЯ
ВЕРЕЩАТЬ	1221-V	ПРОИЗВОДСТВО ПРОДУКЦИИ
ВЗЪЕРОШИТЬ	106876-V	ВЫСКАЗАТЬ
ВЗЪЕРОШИТЬ	116816-V	ОБРАТИТЬСЯ СО СЛОВАМИ
ВЗЪЕРОШИТЬ	111978-V	ПРИБЛИЗИТЬСЯ НА РАССТОЯНИЕ
ВЗЪЕРОШИТЬ	106961-V	СОРЕВНОВАНИЕ, СОСТЯЗАНИЕ
ВЗЪЕРОШИТЬ	118698-V	ДЕЙСТВИЕ, ЦЕЛЕНАПРАВЛЕННОЕ ДЕЙСТВИЕ
ВЗЪЕРОШИТЬ	129183-V	РАССУЖДАТЬ (МЫСЛИТЬ, СТРОИТЬ УМОЗАКЛЮЧЕНИЕ)
ВЗЪЕРОШИТЬ	130887-V	ВЫВЕСТИ, СДЕЛАТЬ ВЫВОД
ВЗЪЕРОШИТЬ	112585-V	МЕТАТЬ, БРОСАТЬ С РАЗМАХОМ
ВЗЪЕРОШИТЬ	114364-V	ЛОВЛЯ ДОБЫЧИ
ВЗЪЕРОШИТЬ	3447-V	ОХОТА
ВКРУТИТЬ	106884-V	СЧИТАТЬ, ПРИЗНАВАТЬ КЕМ-ЛИБО
ВКРУТИТЬ	115486-V	ВКЛЮЧИТЬ В СОСТАВ
ВКРУТИТЬ	129183-V	РАССУЖДАТЬ (МЫСЛИТЬ, СТРОИТЬ УМОЗАКЛЮЧЕНИЕ)
ВКРУТИТЬ	130887-V	ВЫВЕСТИ, СДЕЛАТЬ ВЫВОД
ВКРУТИТЬ	112585-V	МЕТАТЬ, БРОСАТЬ С РАЗМАХОМ
ВКРУТИТЬ	114364-V	ЛОВЛЯ ДОБЫЧИ
ВКРУТИТЬ	3447-V	ОХОТА
ВКРУТИТЬ	106501-V	ЗАНЯТИЕ, ДЕЯТЕЛЬНОСТЬ
ВКРУТИТЬ	110440-V	ИСПОЛНИТЬ (ВОСПРОИЗВЕСТИ)
ВКРУТИТЬ	116009-V	ЗАПРЕТИТЬ (НЕ ПОЗВОЛИТЬ)
ВПАЯТЬ	1221-V	ПРОИЗВОДСТВО ПРОДУКЦИИ
ВПАЯТЬ	5967-V	КИНОСЪЕМКА
ВПАЯТЬ	106646-V	ОТНОШЕНИЕ МЕЖДУ СУЩНОСТЯМИ
ВПАЯТЬ	123430-V	КРИТИКОВАТЬ (ОБСУЖДАТЬ, РАЗБИРАТЬ С ЦЕЛЬЮ ОЦЕНИТЬ)
ВПАЯТЬ	106501-V	ЗАНЯТИЕ, ДЕЯТЕЛЬНОСТЬ
ВПАЯТЬ	110440-V	ИСПОЛНИТЬ (ВОСПРОИЗВЕСТИ)
ВПАЯТЬ	111100-V	ПЛАВИТЬ
ВПАЯТЬ	129701-V	ВАРКА (ТЕХНОЛОГИЧЕСКИЙ ПРОЦЕСС)
ВПАЯТЬ	112995-V	СКЛОННОСТЬ (ПОСТОЯННОЕ ВЛЕЧЕНИЕ)
ВПАЯТЬ	120015-V	ВЫЗВАТЬ (ПОТРЕБОВАТЬ ЯВИТЬСЯ)
ВПРАВИТЬ	112585-V	МЕТАТЬ, БРОСАТЬ С РАЗМАХОМ
ВПРАВИТЬ	114364-V	ЛОВЛЯ ДОБЫЧИ
ВПРАВИТЬ	3447-V	ОХОТА
ВПРАВИТЬ	116009-V	ЗАПРЕТИТЬ (НЕ ПОЗВОЛИТЬ)
ВПРАВИТЬ	118698-V	ДЕЙСТВИЕ, ЦЕЛЕНАПРАВЛЕННОЕ ДЕЙСТВИЕ
ВПРАВИТЬ	106638-V	УМЕНЬШИТЬ
ВПРАВИТЬ	129183-V	РАССУЖДАТЬ (МЫСЛИТЬ, СТРОИТЬ УМОЗАКЛЮЧЕНИЕ)
ВПРАВИТЬ	130887-V	ВЫВЕСТИ, СДЕЛАТЬ ВЫВОД
ВПРАВИТЬ	142434-V	ПОСТАНОВКА ФИЛЬМА, ПРЕДСТАВЛЕНИЯ
ВПРАВИТЬ	106646-V	ОТНОШЕНИЕ МЕЖДУ СУЩНОСТЯМИ
ВРЫТЬ	106938-V	ПЕРЕМЕСТИТЬ
ВРЫТЬ	106501-V	ЗАНЯТИЕ, ДЕЯТЕЛЬНОСТЬ
ВРЫТЬ	111100-V	ПЛАВИТЬ
ВРЫТЬ	129701-V	ВАРКА (ТЕХНОЛОГИЧЕСКИЙ ПРОЦЕСС)
ВРЫТЬ	112995-V	СКЛОННОСТЬ (ПОСТОЯННОЕ ВЛЕЧЕНИЕ)
ВРЫТЬ	106501-V	ЗАНЯТИЕ, ДЕЯТЕЛЬНОСТЬ
ВРЫТЬ	110440-V	ИСПОЛНИТЬ (ВОСПРОИЗВЕСТИ)
ВРЫТЬ	148420-V	ОТНОШЕНИЯ МЕЖДУ ЛЮДЬМИ
ВРЫТЬ	112585-V	МЕТАТЬ, БРОСАТЬ С РАЗМАХОМ
ВРЫТЬ	114364-V	ЛОВЛЯ ДОБЫЧИ
ВСКРУЖИТЬ	116009-V	ЗАПРЕТИТЬ (НЕ ПОЗВОЛИТЬ)
ВСКРУЖИТЬ	118698-V	ДЕЙСТВИЕ, ЦЕЛЕНАПРАВЛЕННОЕ ДЕЙСТВИЕ
ВСКРУЖИТЬ	106876-V	ВЫСКАЗАТЬ
ВСКРУЖИТЬ	116816-V	ОБРАТИТЬСЯ СО СЛОВАМИ
ВСКРУЖИТЬ	112585-V	МЕТАТЬ, БРОСАТЬ С РАЗМАХОМ
ВСКРУЖИТЬ	114364-V	ЛОВЛЯ ДОБЫЧИ
ВСКРУЖИТЬ	3447-V	ОХОТА
ВСКРУЖИТЬ	106884-V	СЧИТАТЬ, ПРИЗНАВАТЬ КЕМ-ЛИБО
ВСКРУЖИТЬ	115486-V	ВКЛЮЧИТЬ В СОСТАВ
ВСКРУЖИТЬ	129183-V	РАССУЖДАТЬ (МЫСЛИТЬ, СТРОИТЬ УМОЗАКЛЮЧЕНИЕ)
ВСХЛИПЫВАТЬ	106876-V	ВЫСКАЗАТЬ
ВСХЛИПЫВАТЬ	116816-V	ОБРАТИТЬСЯ СО СЛОВАМИ
ВСХЛИПЫВАТЬ	116009-V	ЗАПРЕТИТЬ (НЕ ПОЗВОЛИТЬ)
ВСХЛИПЫВАТЬ	118698-V	ДЕЙСТВИЕ, ЦЕЛЕНАПРАВЛЕННОЕ ДЕЙСТВИЕ
ВСХЛИПЫВАТЬ	106638-V	УМЕНЬШИТЬ
ВСХЛИПЫВАТЬ	111735-V	ВЫЧИСЛИТЬ, ИСЧИСЛИТЬ
ВСХЛИПЫВАТЬ	106884-V	СЧИТАТЬ, ПРИЗНАВАТЬ КЕМ-ЛИБО
ВСХЛИПЫВАТЬ	115486-V	ВКЛЮЧИТЬ В СОСТАВ
ВСХЛИПЫВАТЬ	121163-V	ПРИЙТИ (ДОСТИГНУТЬ ПОСЛЕ К-Л. ДЕЙСТВИЙ)
ВСХЛИПЫВАТЬ	129183-V	РАССУЖДАТЬ (МЫСЛИТЬ, СТРОИТЬ УМОЗАКЛЮЧЕНИЕ)
ВШИВАТЬ	112585-V	МЕТАТЬ, БРОСАТЬ С РАЗМАХОМ
ВШИВАТЬ	114364-V	ЛОВЛЯ ДОБЫЧИ
ВШИВАТЬ	3447-V	ОХОТА
ВШИВАТЬ	129183-V	РАССУЖДАТЬ (МЫСЛИТЬ, СТРОИТЬ УМОЗАКЛЮЧЕНИЕ)
ВШИВАТЬ	130887-V	ВЫВЕСТИ, СДЕЛАТЬ ВЫВОД
ВШИВАТЬ	106484-V	КОНЧИТЬСЯ, ПРЕКРАТИТЬСЯ
ВШИВАТЬ	147589-V	ТЕЧЕНИЕ ВРЕМЕНИ
ВШИВАТЬ	106501-V	ЗАНЯТИЕ, ДЕЯТЕЛЬНОСТЬ
ВШИВАТЬ	110440-V	ИСПОЛНИТЬ (ВОСПРОИЗВЕСТИ)
ВШИВАТЬ	106646-V	ОТНОШЕНИЕ МЕЖДУ СУЩНОСТЯМИ
ВЫКЛЕВАТЬ	116009-V	ЗАПРЕТИТЬ (НЕ ПОЗВОЛИТЬ)
ВЫКЛЕВАТЬ	118698-V	ДЕЙСТВИЕ, ЦЕЛЕНАПРАВЛЕННОЕ ДЕЙСТВИЕ
ВЫКЛЕВАТЬ	106876-V	ВЫСКАЗАТЬ
ВЫКЛЕВАТЬ	116816-V	ОБРАТИТЬСЯ СО СЛОВАМИ
ВЫКЛЕВАТЬ	106638-V	УМЕНЬШИТЬ
ВЫКЛЕВАТЬ	106961-V	СОРЕВНОВАНИЕ, СОСТЯЗАНИЕ
ВЫКЛЕВАТЬ	118698-V	ДЕЙСТВИЕ, ЦЕЛЕНАПРАВЛЕННОЕ ДЕЙСТВИЕ
ВЫКЛЕВАТЬ	106501-V	ЗАНЯТИЕ, ДЕЯТЕЛЬНОСТЬ
ВЫКЛЕВАТЬ	272-V	ДИСКРИМИНАЦИЯ
ВЫКЛЕВАТЬ	112585-V	МЕТАТЬ, БРОСАТЬ С РАЗМАХОМ
ВЫПЛАКАТЬ	116009-V	ЗАПРЕТИТЬ (НЕ ПОЗВОЛИТЬ)
ВЫПЛАКАТЬ	118698-V	ДЕЙСТВИЕ, ЦЕЛЕНАПРАВЛЕННОЕ ДЕЙСТВИЕ
ВЫПЛАКАТЬ	106876-V	ВЫСКАЗАТЬ
ВЫПЛАКАТЬ	116816-V	ОБРАТИТЬСЯ СО СЛОВАМИ
ВЫПЛАКАТЬ	106884-V	СЧИТАТЬ, ПРИЗНАВАТЬ КЕМ-ЛИБО
ВЫПЛАКАТЬ	115486-V	ВКЛЮЧИТЬ В СОСТАВ
ВЫПЛАКАТЬ	114396-V	ОБРАЩАТЬСЯ (ПОЛЬЗОВАТЬСЯ, ПРИМЕНЯТЬ)
ВЫПЛАКАТЬ	106638-V	УМЕНЬШИТЬ
ВЫПЛАКАТЬ	106961-V	СОРЕВНОВАНИЕ, СОСТЯЗАНИЕ
ВЫПЛАКАТЬ	118698-V	ДЕЙСТВИЕ, ЦЕЛЕНАПРАВЛЕННОЕ ДЕЙСТВИЕ
ВЫСПРАШИВАТЬ	106876-V	ВЫСКАЗАТЬ
ВЫСПРАШИВАТЬ	116816-V	ОБРАТИТЬСЯ СО СЛОВАМИ
ВЫСПРАШИВАТЬ	106638-V	УМЕНЬШИТЬ
ВЫСПРАШИВАТЬ	121163-V	ПРИЙТИ (ДОСТИГНУТЬ ПОСЛЕ К-Л. ДЕЙСТВИЙ)
ВЫСПРАШИВАТЬ	116009-V	ЗАПРЕТИТЬ (НЕ ПОЗВОЛИТЬ)
ВЫСПРАШИВАТЬ	118698-V	ДЕЙСТВИЕ, ЦЕЛЕНАПРАВЛЕННОЕ ДЕЙСТВИЕ
ВЫСПРАШИВАТЬ	111641-V	КИНОФОТОСЪЕМКА
ВЫСПРАШИВАТЬ	117028-V	ДОГАДАТЬСЯ
ВЫСПРАШИВАТЬ	114396-V	ОБРАЩАТЬСЯ (ПОЛЬЗОВАТЬСЯ, ПРИМЕНЯТЬ)
ВЫСПРАШИВАТЬ	106631-V	ИЗМЕНИТЬ, СДЕЛАТЬ ИНЫМ
ВЫТАПТЫВАТЬ	106876-V	ВЫСКАЗАТЬ
ВЫТАПТЫВАТЬ	116816-V	ОБРАТИТЬСЯ СО СЛОВАМИ
ВЫТАПТЫВАТЬ	116009-V	ЗАПРЕТИТЬ (НЕ ПОЗВОЛИТЬ)
ВЫТАПТЫВАТЬ	118698-V	ДЕЙСТВИЕ, ЦЕЛЕНАПРАВЛЕННОЕ ДЕЙСТВИЕ
ВЫТАПТЫВАТЬ	106638-V	УМЕНЬШИТЬ
ВЫТАПТЫВАТЬ	121163-V	ПРИЙТИ (ДОСТИГНУТЬ ПОСЛЕ К-Л. ДЕЙСТВИЙ)
ВЫТАПТЫВАТЬ	129183-V	РАССУЖДАТЬ (МЫСЛИТЬ, СТРОИТЬ УМОЗАКЛЮЧЕНИЕ)
ВЫТАПТЫВАТЬ	130887-V	ВЫВЕСТИ, СДЕЛАТЬ ВЫВОД
ВЫТАПТЫВАТЬ	106884-V	СЧИТАТЬ, ПРИЗНАВАТЬ КЕМ-ЛИБО
ВЫТАПТЫВАТЬ	115486-V	ВКЛЮЧИТЬ В СОСТАВ
ВЫЧЕРПЫВАТЬ	106876-V	ВЫСКАЗАТЬ
ВЫЧЕРПЫВАТЬ	116816-V	ОБРАТИТЬСЯ СО СЛОВАМИ
ВЫЧЕРПЫВАТЬ	116009-V	ЗАПРЕТИТЬ (НЕ ПОЗВОЛИТЬ)
ВЫЧЕРПЫВАТЬ	118698-V	ДЕЙСТВИЕ, ЦЕЛЕНАПРАВЛЕННОЕ ДЕЙСТВИЕ
ВЫЧЕРПЫВАТЬ	106638-V	УМЕНЬШИТЬ
ВЫЧЕРПЫВАТЬ	121163-V	ПРИЙТИ (ДОСТИГНУТЬ ПОСЛЕ К-Л. ДЕЙСТВИЙ)
ВЫЧЕРПЫВАТЬ	106961-V	СОРЕВНОВАНИЕ, СОСТЯЗАНИЕ
ВЫЧЕРПЫВАТЬ	118698-V	ДЕЙСТВИЕ, ЦЕЛЕНАПРАВЛЕННОЕ ДЕЙСТВИЕ
ВЫЧЕРПЫВАТЬ	112585-V	МЕТАТЬ, БРОСАТЬ С РАЗМАХОМ
ВЫЧЕРПЫВАТЬ	114364-V	ЛОВЛЯ ДОБЫЧИ
ВЯЛИТЬ	112585-V	МЕТАТЬ, БРОСАТЬ С РАЗМАХОМ
ВЯЛИТЬ	114364-V	ЛОВЛЯ ДОБЫЧИ
ВЯЛИТЬ	3447-V	ОХОТА
ВЯЛИТЬ	111100-V	ПЛАВИТЬ
ВЯЛИТЬ	129701-V	ВАРКА (ТЕХНОЛОГИЧЕСКИЙ ПРОЦЕСС)
ВЯЛИТЬ	111564-V	КЛЕЙМИТЬ, СТАВИТЬ КЛЕЙМО
ВЯЛИТЬ	121334-V	ВЫЖЕЧЬ ЗНАК, РИСУНОК
ВЯЛИТЬ	106501-V	ЗАНЯТИЕ, ДЕЯТЕЛЬНОСТЬ
ВЯЛИТЬ	110440-V	ИСПОЛНИТЬ (ВОСПРОИЗВЕСТИ)
ВЯЛИТЬ	106938-V	ПЕРЕМЕСТИТЬ
ГАТИТЬ	127271-V	ПРИЛЕГАТЬ, ПРИМЫКАТЬ
ГАТИТЬ	123430-V	КРИТИКОВАТЬ (ОБСУЖДАТЬ, РАЗБИРАТЬ С ЦЕЛЬЮ ОЦЕНИТЬ)
ГАТИТЬ	114032-V	ТОСКА (ГРУСТЬ, УНЫНИЕ)
ГАТИТЬ	120015-V	ВЫЗВАТЬ (ПОТРЕБОВАТЬ ЯВИТЬСЯ)
ГАТИТЬ	112995-V	СКЛОННОСТЬ (ПОСТОЯННОЕ ВЛЕЧЕНИЕ)
ГАТИТЬ	129183-V	РАССУЖДАТЬ (МЫСЛИТЬ, СТРОИТЬ УМОЗАКЛЮЧЕНИЕ)
ГАТИТЬ	130887-V	ВЫВЕСТИ, СДЕЛАТЬ ВЫВОД
ГАТИТЬ	144027-V	СОВМЕСТНАЯ ДЕЯТЕЛЬНОСТЬ
ГАТИТЬ	106646-V	ОТНОШЕНИЕ МЕЖДУ СУЩНОСТЯМИ
ГАТИТЬ	1221-V	ПРОИЗВОДСТВО ПРОДУКЦИИ
ГИПЕРТРОФИРОВАТЬ	121163-V	ПРИЙТИ (ДОСТИГНУТЬ ПОСЛЕ К-Л. ДЕЙСТВИЙ)
ГИПЕРТРОФИРОВАТЬ	106876-V	ВЫСКАЗАТЬ
ГИПЕРТРОФИРОВАТЬ	116816-V	ОБРАТИТЬСЯ СО СЛОВАМИ
ГИПЕРТРОФИРОВАТЬ	117028-V	ДОГАДАТЬСЯ
ГИПЕРТРОФИРОВАТЬ	111735-V	ВЫЧИСЛИТЬ, ИСЧИСЛИТЬ
ГИПЕРТРОФИРОВАТЬ	111641-V	КИНОФОТОСЪЕМКА
ГИПЕРТРОФИРОВАТЬ	106961-V	СОРЕВНОВАНИЕ, СОСТЯЗАНИЕ
ГИПЕРТРОФИРОВАТЬ	118698-V	ДЕЙСТВИЕ, ЦЕЛЕНАПРАВЛЕННОЕ ДЕЙСТВИЕ
ГИПЕРТРОФИРОВАТЬ	116009-V	ЗАПРЕТИТЬ (НЕ ПОЗВОЛИТЬ)
ГИПЕРТРОФИРОВАТЬ	118698-V	ДЕЙСТВИЕ, ЦЕЛЕНАПРАВЛЕННОЕ ДЕЙСТВИЕ
ГРУБЕТЬ	112585-V	МЕТАТЬ, БРОСАТЬ С РАЗМАХОМ
ГРУБЕТЬ	114364-V	ЛОВЛЯ ДОБЫЧИ
ГРУБЕТЬ	3447-V	ОХОТА
ГРУБЕТЬ	106961-V	СОРЕВНОВАНИЕ, СОСТЯЗАНИЕ
ГРУБЕТЬ	118698-V	ДЕЙСТВИЕ, ЦЕЛЕНАПРАВЛЕННОЕ ДЕЙСТВИЕ
ГРУБЕТЬ	110911-V	ВЫРВАТЬ, ВЫДРАТЬ
ГРУБЕТЬ	106501-V	ЗАНЯТИЕ, ДЕЯТЕЛЬНОСТЬ
ГРУБЕТЬ	110440-V	ИСПОЛНИТЬ (ВОСПРОИЗВЕСТИ)
ГРУБЕТЬ	106701-V	ДОСТИЧЬ, ДОБИТЬСЯ
ГРУБЕТЬ	114032-V	ТОСКА (ГРУСТЬ, УНЫНИЕ)
ДИРЕКТОРСТВОВАТЬ	106876-V	ВЫСКАЗАТЬ
ДИРЕКТОРСТВОВАТЬ	116816-V	ОБРАТИТЬСЯ СО СЛОВАМИ
ДИРЕКТОРСТВОВАТЬ	121163-V	ПРИЙТИ (ДОСТИГНУТЬ ПОСЛЕ К-Л. ДЕЙСТВИЙ)
ДИРЕКТОРСТВОВАТЬ	111735-V	ВЫЧИСЛИТЬ, ИСЧИСЛИТЬ
ДИРЕКТОРСТВОВАТЬ	117028-V	ДОГАДАТЬСЯ
ДИРЕКТОРСТВОВАТЬ	106638-V	УМЕНЬШИТЬ
ДИРЕКТОРСТВОВАТЬ	116009-V	ЗАПРЕТИТЬ (НЕ ПОЗВОЛИТЬ)
ДИРЕКТОРСТВОВАТЬ	118698-V	ДЕЙСТВИЕ, ЦЕЛЕНАПРАВЛЕННОЕ ДЕЙСТВИЕ
ДИРЕКТОРСТВОВАТЬ	114108-V	ПЕЧАТАТЬ (ВОСПРОИЗВОДИТЬ)
ДИРЕКТОРСТВОВАТЬ	144051-V	ИЗДАТЕЛЬСКАЯ ДЕЯТЕЛЬНОСТЬ
ДОКИНУТЬ	129183-V	РАССУЖДАТЬ (МЫСЛИТЬ, СТРОИТЬ УМОЗАКЛЮЧЕНИЕ)
ДОКИНУТЬ	130887-V	ВЫВЕСТИ, СДЕЛАТЬ ВЫВОД
ДОКИНУТЬ	111978-V	ПРИБЛИЗИТЬСЯ НА РАССТОЯНИЕ
ДОКИНУТЬ	127271-V	ПРИЛЕГАТЬ, ПРИМЫКАТЬ
ДОКИНУТЬ	116009-V	ЗАПРЕТИТЬ (НЕ ПОЗВОЛИТЬ)
ДОКИНУТЬ	118698-V	ДЕЙСТВИЕ, ЦЕЛЕНАПРАВЛЕННОЕ ДЕЙСТВИЕ
ДОКИНУТЬ	106961-V	СОРЕВНОВАНИЕ, СОСТЯЗАНИЕ
ДОКИНУТЬ	118698-V	ДЕЙСТВИЕ, ЦЕЛЕНАПРАВЛЕННОЕ ДЕЙСТВИЕ
ДОКИНУТЬ	112585-V	МЕТАТЬ, БРОСАТЬ С РАЗМАХОМ
ДОКИНУТЬ	114364-V	ЛОВЛЯ ДОБЫЧИ
ДОРАБОТАТЬСЯ	106876-V	ВЫСКАЗАТЬ
ДОРАБОТАТЬСЯ	116816-V	ОБРАТИТЬСЯ СО СЛОВАМИ
ДОРАБОТАТЬСЯ	116009-V	ЗАПРЕТИТЬ (НЕ ПОЗВОЛИТЬ)
ДОРАБОТАТЬСЯ	118698-V	ДЕЙСТВИЕ, ЦЕЛЕНАПРАВЛЕННОЕ ДЕЙСТВИЕ
ДОРАБОТАТЬСЯ	120015-V	ВЫЗВАТЬ (ПОТРЕБОВАТЬ ЯВИТЬСЯ)
ДОРАБОТАТЬСЯ	111978-V	ПРИБЛИЗИТЬСЯ НА РАССТОЯНИЕ
ДОРАБОТАТЬСЯ	117028-V	ДОГАДАТЬСЯ
ДОРАБОТАТЬСЯ	111625-V	ЧЕРТИТЬ, ДЕЛАТЬ ЧЕРТЕЖ
ДОРАБОТАТЬСЯ	121163-V	ПРИЙТИ (ДОСТИГНУТЬ ПОСЛЕ К-Л. ДЕЙСТВИЙ)
ДОРАБОТАТЬСЯ	106501-V	ЗАНЯТИЕ, ДЕЯТЕЛЬНОСТЬ
ДОТЕЧЬ	112585-V	МЕТАТЬ, БРОСАТЬ С РАЗМАХОМ
ДОТЕЧЬ	114364-V	ЛОВЛЯ ДОБЫЧИ
ДОТЕЧЬ	3447-V	ОХОТА
ДОТЕЧЬ	106565-V	САМОЧУВСТВИЕ
ДОТЕЧЬ	106665-V	НАРУШИТЬ СОСТОЯНИЕ, ХОД
ДОТЕЧЬ	118046-V	НАРУШИТЬСЯ
ДОТЕЧЬ	3406-V	ПОВРЕЖДЕНИЕ ЗДОРОВЬЯ
ДОТЕЧЬ	106550-V	НЕСЧАСТЬЕ
ДОТЕЧЬ	117225-V	ОБРУШИТЬСЯ, ОБВАЛИТЬСЯ
ДОТЕЧЬ	148420-V	ОТНОШЕНИЯ МЕЖДУ ЛЮДЬМИ
ДРЯХЛЕТЬ	106876-V	ВЫСКАЗАТЬ
ДРЯХЛЕТЬ	116816-V	ОБРАТИТЬСЯ СО СЛОВАМИ
ДРЯХЛЕТЬ	114032-V	ТОСКА (ГРУСТЬ, УНЫНИЕ)
ДРЯХЛЕТЬ	112585-V	МЕТАТЬ, БРОСАТЬ С РАЗМАХОМ
ДРЯХЛЕТЬ	114364-V	ЛОВЛЯ ДОБЫЧИ
ДРЯХЛЕТЬ	3447-V	ОХОТА
ДРЯХЛЕТЬ	129183-V	РАССУЖДАТЬ (МЫСЛИТЬ, СТРОИТЬ УМОЗАКЛЮЧЕНИЕ)
ДРЯХЛЕТЬ	130887-V	ВЫВЕСТИ, СДЕЛАТЬ ВЫВОД
ДРЯХЛЕТЬ	142434-V	ПОСТАНОВКА ФИЛЬМА, ПРЕДСТАВЛЕНИЯ
ДРЯХЛЕТЬ	1221-V	ПРОИЗВОДСТВО ПРОДУКЦИИ
ЗАВЕШАТЬ	112585-V	МЕТАТЬ, БРОСАТЬ С РАЗМАХОМ
ЗАВЕШАТЬ	114364-V	ЛОВЛЯ ДОБЫЧИ
ЗАВЕШАТЬ	3447-V	ОХОТА
ЗАВЕШАТЬ	116009-V	ЗАПРЕТИТЬ (НЕ ПОЗВОЛИТЬ)
ЗАВЕШАТЬ	118698-V	ДЕЙСТВИЕ, ЦЕЛЕНАПРАВЛЕННОЕ ДЕЙСТВИЕ
ЗАВЕШАТЬ	114032-V	ТОСКА (ГРУСТЬ, УНЫНИЕ)
ЗАВЕШАТЬ	106646-V	ОТНОШЕНИЕ МЕЖДУ СУЩНОСТЯМИ
ЗАВЕШАТЬ	129183-V	РАССУЖДАТЬ (МЫСЛИТЬ, СТРОИТЬ УМОЗАКЛЮЧЕНИЕ)
ЗАВЕШАТЬ	130887-V	ВЫВЕСТИ, СДЕЛАТЬ ВЫВОД
ЗАВЕШАТЬ	106876-V	ВЫСКАЗАТЬ
ЗАГОВОРИТЬСЯ	106876-V	ВЫСКАЗАТЬ
ЗАГОВОРИТЬСЯ	116816-V	ОБРАТИТЬСЯ СО СЛОВАМИ
ЗАГОВОРИТЬСЯ	117028-V	ДОГАДАТЬСЯ
ЗАГОВОРИТЬСЯ	111978-V	ПРИБЛИЗИТЬСЯ НА РАССТОЯНИЕ
ЗАГОВОРИТЬСЯ	111625-V	ЧЕРТИТЬ, ДЕЛАТЬ ЧЕРТЕЖ
ЗАГОВОРИТЬСЯ	106638-V	УМЕНЬШИТЬ
ЗАГОВОРИТЬСЯ	114108-V	ПЕЧАТАТЬ (ВОСПРОИЗВОДИТЬ)
ЗАГОВОРИТЬСЯ	144051-V	ИЗДАТЕЛЬСКАЯ ДЕЯТЕЛЬНОСТЬ
ЗАГОВОРИТЬСЯ	121163-V	ПРИЙТИ (ДОСТИГНУТЬ ПОСЛЕ К-Л. ДЕЙСТВИЙ)
ЗАГОВОРИТЬСЯ	116009-V	ЗАПРЕТИТЬ (НЕ ПОЗВОЛИТЬ)
ЗАДАРИТЬ	114032-V	ТОСКА (ГРУСТЬ, УНЫНИЕ)
ЗАДАРИТЬ	112585-V	МЕТАТЬ, БРОСАТЬ С РАЗМАХОМ
ЗАДАРИТЬ	114364-V	ЛОВЛЯ ДОБЫЧИ
ЗАДАРИТЬ	3447-V	ОХОТА
ЗАДАРИТЬ	116009-V	ЗАПРЕТИТЬ (НЕ ПОЗВОЛИТЬ)
ЗАДАРИТЬ	118698-V	ДЕЙСТВИЕ, ЦЕЛЕНАПРАВЛЕННОЕ ДЕЙСТВИЕ
ЗАДАРИТЬ	106961-V	СОРЕВНОВАНИЕ, СОСТЯЗАНИЕ
ЗАДАРИТЬ	118698-V	ДЕЙСТВИЕ, ЦЕЛЕНАПРАВЛЕННОЕ ДЕЙСТВИЕ
ЗАДАРИТЬ	111625-V	ЧЕРТИТЬ, ДЕЛАТЬ ЧЕРТЕЖ
ЗАДАРИТЬ	129183-V	РАССУЖДАТЬ (МЫСЛИТЬ, СТРОИТЬ УМОЗАКЛЮЧЕНИЕ)
ЗАЛИЗАТЬ	114032-V	ТОСКА (ГРУСТЬ, УНЫНИЕ)
ЗАЛИЗАТЬ	106961-V	СОРЕВНОВАНИЕ, СОСТЯЗАНИЕ
ЗАЛИЗАТЬ	118698-V	ДЕЙСТВИЕ, ЦЕЛЕНАПРАВЛЕННОЕ ДЕЙСТВИЕ
ЗАЛИЗАТЬ	142434-V	ПОСТАНОВКА ФИЛЬМА, ПРЕДСТАВЛЕНИЯ
ЗАЛИЗАТЬ	112585-V	МЕТАТЬ, БРОСАТЬ С РАЗМАХОМ
ЗАЛИЗАТЬ	114364-V	ЛОВЛЯ ДОБЫЧИ
ЗАЛИЗАТЬ	3447-V	ОХОТА
ЗАЛИЗАТЬ	110911-V	ВЫРВАТЬ, ВЫДРАТЬ
ЗАЛИЗАТЬ	118776-V	ПРОВЕЗТИ С СОБОЙ
ЗАЛИЗАТЬ	106876-V	ВЫСКАЗАТЬ
ЗАМАЛИВАТЬ	106876-V	ВЫСКАЗАТЬ
ЗАМАЛИВАТЬ	116816-V	ОБРАТИТЬСЯ СО СЛОВАМИ
ЗАМАЛИВАТЬ	142434-V	ПОСТАНОВКА ФИЛЬМА, ПРЕДСТАВЛЕНИЯ
ЗАМАЛИВАТЬ	111641-V	КИНОФОТОСЪЕМКА
ЗАМАЛИВАТЬ	114032-V	ТОСКА (ГРУСТЬ, УНЫНИЕ)
ЗАМАЛИВАТЬ	116009-V	ЗАПРЕТИТЬ (НЕ ПОЗВОЛИТЬ)
ЗАМАЛИВАТЬ	118698-V	ДЕЙСТВИЕ, ЦЕЛЕНАПРАВЛЕННОЕ ДЕЙСТВИЕ
ЗАМАЛИВАТЬ	111625-V	ЧЕРТИТЬ, ДЕЛАТЬ ЧЕРТЕЖ
ЗАМАЛИВАТЬ	114396-V	ОБРАЩАТЬСЯ (ПОЛЬЗОВАТЬСЯ, ПРИМЕНЯТЬ)
ЗАМАЛИВАТЬ	1221-V	ПРОИЗВОДСТВО ПРОДУКЦИИ
ЗАМОЛИТЬ	114032-V	ТОСКА (ГРУСТЬ, УНЫНИЕ)
ЗАМОЛИТЬ	106961-V	СОРЕВНОВАНИЕ, СОСТЯЗАНИЕ
ЗАМОЛИТЬ	118698-V	ДЕЙСТВИЕ, ЦЕЛЕНАПРАВЛЕННОЕ ДЕЙСТВИЕ
ЗАМОЛИТЬ	142434-V	ПОСТАНОВКА ФИЛЬМА, ПРЕДСТАВЛЕНИЯ
ЗАМОЛИТЬ	129183-V	РАССУЖДАТЬ (МЫСЛИТЬ, СТРОИТЬ УМОЗАКЛЮЧЕНИЕ)
ЗАМОЛИТЬ	130887-V	ВЫВЕСТИ, СДЕЛАТЬ ВЫВОД
ЗАМОЛИТЬ	112585-V	МЕТАТЬ, БРОСАТЬ С РАЗМАХОМ
ЗАМОЛИТЬ	114364-V	ЛОВЛЯ ДОБЫЧИ
ЗАМОЛИТЬ	3447-V	ОХОТА
ЗАМОЛИТЬ	106876-V	ВЫСКАЗАТЬ
ЗАПРОКИДЫВАТЬ	106876-V	ВЫСКАЗАТЬ
ЗАПРОКИДЫВАТЬ	116816-V	ОБРАТИТЬСЯ СО СЛОВАМИ
ЗАПРОКИДЫВАТЬ	121163-V	ПРИЙТИ (ДОСТИГНУТЬ ПОСЛЕ К-Л. ДЕЙСТВИЙ)
ЗАПРОКИДЫВАТЬ	117028-V	ДОГАДАТЬСЯ
ЗАПРОКИДЫВАТЬ	116009-V	ЗАПРЕТИТЬ (НЕ ПОЗВОЛИТЬ)
ЗАПРОКИДЫВАТЬ	118698-V	ДЕЙСТВИЕ, ЦЕЛЕНАПРАВЛЕННОЕ ДЕЙСТВИЕ
ЗАПРОКИДЫВАТЬ	106638-V	УМЕНЬШИТЬ
ЗАПРОКИДЫВАТЬ	111735-V	ВЫЧИСЛИТЬ, ИСЧИСЛИТЬ
ЗАПРОКИДЫВАТЬ	111641-V	КИНОФОТОСЪЕМКА
ЗАПРОКИДЫВАТЬ	111191-V	ВСТАВИТЬ ВНУТРЬ
ЗАРАБОТАТЬСЯ	106876-V	ВЫСКАЗАТЬ
ЗАРАБОТАТЬСЯ	116816-V	ОБРАТИТЬСЯ СО СЛОВАМИ
ЗАРАБОТАТЬСЯ	116009-V	ЗАПРЕТИТЬ (НЕ ПОЗВОЛИТЬ)
ЗАРАБОТАТЬСЯ	118698-V	ДЕЙСТВИЕ, ЦЕЛЕНАПРАВЛЕННОЕ ДЕЙСТВИЕ
ЗАРАБОТАТЬСЯ	111625-V	ЧЕРТИТЬ, ДЕЛАТЬ ЧЕРТЕЖ
ЗАРАБОТАТЬСЯ	117028-V	ДОГАДАТЬСЯ
ЗАРАБОТАТЬСЯ	111978-V	ПРИБЛИЗИТЬСЯ НА РАССТОЯНИЕ
ЗАРАБОТАТЬСЯ	120015-V	ВЫЗВАТЬ (ПОТРЕБОВАТЬ ЯВИТЬСЯ)
ЗАРАБОТАТЬСЯ	121163-V	ПРИЙТИ (ДОСТИГНУТЬ ПОСЛЕ К-Л. ДЕЙСТВИЙ)
ЗАРАБОТАТЬСЯ	106638-V	УМЕНЬШИТЬ
ЗАРЕШЕТИТЬ	106876-V	ВЫСКАЗАТЬ
ЗАРЕШЕТИТЬ	116816-V	ОБРАТИТЬСЯ СО СЛОВАМИ
ЗАРЕШЕТИТЬ	114032-V	ТОСКА (ГРУСТЬ, УНЫНИЕ)
ЗАРЕШЕТИТЬ	106961-V	СОРЕВНОВАНИЕ, СОСТЯЗАНИЕ
ЗАРЕШЕТИТЬ	118698-V	ДЕЙСТВИЕ, ЦЕЛЕНАПРАВЛЕННОЕ ДЕЙСТВИЕ
ЗАРЕШЕТИТЬ	111641-V	КИНОФОТОСЪЕМКА
ЗАРЕШЕТИТЬ	121163-V	ПРИЙТИ (ДОСТИГНУТЬ ПОСЛЕ К-Л. ДЕЙСТВИЙ)
ЗАРЕШЕТИТЬ	116009-V	ЗАПРЕТИТЬ (НЕ ПОЗВОЛИТЬ)
ЗАРЕШЕТИТЬ	118698-V	ДЕЙСТВИЕ, ЦЕЛЕНАПРАВЛЕННОЕ ДЕЙСТВИЕ
ЗАРЕШЕТИТЬ	142434-V	ПОСТАНОВКА ФИЛЬМА, ПРЕДСТАВЛЕНИЯ
ЗАСТУДИТЬ	106876-V	ВЫСКАЗАТЬ
ЗАСТУДИТЬ	116816-V	ОБРАТИТЬСЯ СО СЛОВАМИ
ЗАСТУДИТЬ	120015-V	ВЫЗВАТЬ (ПОТРЕБОВАТЬ ЯВИТЬСЯ)
ЗАСТУДИТЬ	111978-V	ПРИБЛИЗИТЬСЯ НА РАССТОЯНИЕ
ЗАСТУДИТЬ	116009-V	ЗАПРЕТИТЬ (НЕ ПОЗВОЛИТЬ)
ЗАСТУДИТЬ	118698-V	ДЕЙСТВИЕ, ЦЕЛЕНАПРАВЛЕННОЕ ДЕЙСТВИЕ
ЗАСТУДИТЬ	129183-V	РАССУЖДАТЬ (МЫСЛИТЬ, СТРОИТЬ УМОЗАКЛЮЧЕНИЕ)
ЗАСТУДИТЬ	130887-V	ВЫВЕСТИ, СДЕЛАТЬ ВЫВОД
ЗАСТУДИТЬ	106884-V	СЧИТАТЬ, ПРИЗНАВАТЬ КЕМ-ЛИБО
ЗАСТУДИТЬ	115486-V	ВКЛЮЧИТЬ В СОСТАВ
ЗАЧИТАТЬСЯ	106876-V	ВЫСКАЗАТЬ
ЗАЧИТАТЬСЯ	116816-V	ОБРАТИТЬСЯ СО СЛОВАМИ
ЗАЧИТАТЬСЯ	120015-V	ВЫЗВАТЬ (ПОТРЕБОВАТЬ ЯВИТЬСЯ)
ЗАЧИТАТЬСЯ	116009-V	ЗАПРЕТИТЬ (НЕ ПОЗВОЛИТЬ)
ЗАЧИТАТЬСЯ	118698-V	ДЕЙСТВИЕ, ЦЕЛЕНАПРАВЛЕННОЕ ДЕЙСТВИЕ
ЗАЧИТАТЬСЯ	117028-V	ДОГАДАТЬСЯ
ЗАЧИТАТЬСЯ	129183-V	РАССУЖДАТЬ (МЫСЛИТЬ, СТРОИТЬ УМОЗАКЛЮЧЕНИЕ)
ЗАЧИТАТЬСЯ	130887-V	ВЫВЕСТИ, СДЕЛАТЬ ВЫВОД
ЗАЧИТАТЬСЯ	114108-V	ПЕЧАТАТЬ (ВОСПРОИЗВОДИТЬ)
ЗАЧИТАТЬСЯ	144051-V	ИЗДАТЕЛЬСКАЯ ДЕЯТЕЛЬНОСТЬ
ЗЛОБСТВОВАТЬ	106876-V	ВЫСКАЗАТЬ
ЗЛОБСТВОВАТЬ	116816-V	ОБРАТИТЬСЯ СО СЛОВАМИ
ЗЛОБСТВОВАТЬ	111735-V	ВЫЧИСЛИТЬ, ИСЧИСЛИТЬ
ЗЛОБСТВОВАТЬ	106638-V	УМЕНЬШИТЬ
ЗЛОБСТВОВАТЬ	116009-V	ЗАПРЕТИТЬ (НЕ ПОЗВОЛИТЬ)
ЗЛОБСТВОВАТЬ	118698-V	ДЕЙСТВИЕ, ЦЕЛЕНАПРАВЛЕННОЕ ДЕЙСТВИЕ
ЗЛОБСТВОВАТЬ	117028-V	ДОГАДАТЬСЯ
ЗЛОБСТВОВАТЬ	121163-V	ПРИЙТИ (ДОСТИГНУТЬ ПОСЛЕ К-Л. ДЕЙСТВИЙ)
ЗЛОБСТВОВАТЬ	111978-V	ПРИБЛИЗИТЬСЯ НА РАССТОЯНИЕ
ЗЛОБСТВОВАТЬ	111625-V	ЧЕРТИТЬ, ДЕЛАТЬ ЧЕРТЕЖ
ИЗВЕДАТЬ	112585-V	МЕТАТЬ, БРОСАТЬ С РАЗМАХОМ
ИЗВЕДАТЬ	114364-V	ЛОВЛЯ ДОБЫЧИ
ИЗВЕДАТЬ	3447-V	ОХОТА
ИЗВЕДАТЬ	129183-V	РАССУЖДАТЬ (МЫСЛИТЬ, СТРОИТЬ УМОЗАКЛЮЧЕНИЕ)
ИЗВЕДАТЬ	130887-V	ВЫВЕСТИ, СДЕЛАТЬ ВЫВОД
ИЗВЕДАТЬ	111978-V	ПРИБЛИЗИТЬСЯ НА РАССТОЯНИЕ
ИЗВЕДАТЬ	106638-V	УМЕНЬШИТЬ
ИЗВЕДАТЬ	106884-V	СЧИТАТЬ, ПРИЗНАВАТЬ КЕМ-ЛИБО
ИЗВЕДАТЬ	115486-V	ВКЛЮЧИТЬ В СОСТАВ
ИЗВЕДАТЬ	106484-V	КОНЧИТЬСЯ, ПРЕКРАТИТЬСЯ
ИНКОРПОРИРОВАТЬ	121163-V	ПРИЙТИ (ДОСТИГНУТЬ ПОСЛЕ К-Л. ДЕЙСТВИЙ)
ИНКОРПОРИРОВАТЬ	106876-V	ВЫСКАЗАТЬ
ИНКОРПОРИРОВАТЬ	116816-V	ОБРАТИТЬСЯ СО СЛОВАМИ
ИНКОРПОРИРОВАТЬ	111735-V	ВЫЧИСЛИТЬ, ИСЧИСЛИТЬ
ИНКОРПОРИРОВАТЬ	117028-V	ДОГАДАТЬСЯ
ИНКОРПОРИРОВАТЬ	106638-V	УМЕНЬШИТЬ
ИНКОРПОРИРОВАТЬ	111641-V	КИНОФОТОСЪЕМКА
ИНКОРПОРИРОВАТЬ	120821-V	СНЕСТИ, ОТНЕСТИ ВНИЗ
ИНКОРПОРИРОВАТЬ	121019-V	УВЛЕЧЬ ВЕТРОМ, ТЕЧЕНИЕМ
ИНКОРПОРИРОВАТЬ	106467-V	МЫСЛИТЕЛЬНЫЙ ПРОЦЕСС
ИСПОЛОСОВАТЬ	106876-V	ВЫСКАЗАТЬ
ИСПОЛОСОВАТЬ	116816-V	ОБРАТИТЬСЯ СО СЛОВАМИ
ИСПОЛОСОВАТЬ	116009-V	ЗАПРЕТИТЬ (НЕ ПОЗВОЛИТЬ)
ИСПОЛОСОВАТЬ	118698-V	ДЕЙСТВИЕ, ЦЕЛЕНАПРАВЛЕННОЕ ДЕЙСТВИЕ
ИСПОЛОСОВАТЬ	121163-V	ПРИЙТИ (ДОСТИГНУТЬ ПОСЛЕ К-Л. ДЕЙСТВИЙ)
ИСПОЛОСОВАТЬ	106638-V	УМЕНЬШИТЬ
ИСПОЛОСОВАТЬ	113462-V	ПОЧТЕНИЕ
ИСПОЛОСОВАТЬ	117028-V	ДОГАДАТЬСЯ
ИСПОЛОСОВАТЬ	111978-V	ПРИБЛИЗИТЬСЯ НА РАССТОЯНИЕ
ИСПОЛОСОВАТЬ	111735-V	ВЫЧИСЛИТЬ, ИСЧИСЛИТЬ
ИСЦАРАПАТЬ	112585-V	МЕТАТЬ, БРОСАТЬ С РАЗМАХОМ
ИСЦАРАПАТЬ	114364-V	ЛОВЛЯ ДОБЫЧИ
ИСЦАРАПАТЬ	3447-V	ОХОТА
ИСЦАРАПАТЬ	106884-V	СЧИТАТЬ, ПРИЗНАВАТЬ КЕМ-ЛИБО
ИСЦАРАПАТЬ	115486-V	ВКЛЮЧИТЬ В СОСТАВ
ИСЦАРАПАТЬ	106876-V	ВЫСКАЗАТЬ
ИСЦАРАПАТЬ	116816-V	ОБРАТИТЬСЯ СО СЛОВАМИ
ИСЦАРАПАТЬ	106961-V	СОРЕВНОВАНИЕ, СОСТЯЗАНИЕ
ИСЦАРАПАТЬ	118698-V	ДЕЙСТВИЕ, ЦЕЛЕНАПРАВЛЕННОЕ ДЕЙСТВИЕ
ИСЦАРАПАТЬ	113462-V	ПОЧТЕНИЕ
КАРКАТЬ	106646-V	ОТНОШЕНИЕ МЕЖДУ СУЩНОСТЯМИ
КАРКАТЬ	106884-V	СЧИТАТЬ, ПРИЗНАВАТЬ КЕМ-ЛИБО
КАРКАТЬ	115486-V	ВКЛЮЧИТЬ В СОСТАВ
КАРКАТЬ	116009-V	ЗАПРЕТИТЬ (НЕ ПОЗВОЛИТЬ)
КАРКАТЬ	118698-V	ДЕЙСТВИЕ, ЦЕЛЕНАПРАВЛЕННОЕ ДЕЙСТВИЕ
КАРКАТЬ	112585-V	МЕТАТЬ, БРОСАТЬ С РАЗМАХОМ
КАРКАТЬ	114364-V	ЛОВЛЯ ДОБЫЧИ
КАРКАТЬ	3447-V	ОХОТА
КАРКАТЬ	118776-V	ПРОВЕЗТИ С СОБОЙ
КАРКАТЬ	107470-V	ИДТИ НОГАМИ
КАТАЛОГИЗИРОВАТЬ	106876-V	ВЫСКАЗАТЬ
КАТАЛОГИЗИРОВАТЬ	116816-V	ОБРАТИТЬСЯ СО СЛОВАМИ
КАТАЛОГИЗИРОВАТЬ	121163-V	ПРИЙТИ (ДОСТИГНУТЬ ПОСЛЕ К-Л. ДЕЙСТВИЙ)
КАТАЛОГИЗИРОВАТЬ	111735-V	ВЫЧИСЛИТЬ, ИСЧИСЛИТЬ
КАТАЛОГИЗИРОВАТЬ	106638-V	УМЕНЬШИТЬ
КАТАЛОГИЗИРОВАТЬ	116009-V	ЗАПРЕТИТЬ (НЕ ПОЗВОЛИТЬ)
КАТАЛОГИЗИРОВАТЬ	118698-V	ДЕЙСТВИЕ, ЦЕЛЕНАПРАВЛЕННОЕ ДЕЙСТВИЕ
КАТАЛОГИЗИРОВАТЬ	117028-V	ДОГАДАТЬСЯ
КАТАЛОГИЗИРОВАТЬ	114396-V	ОБРАЩАТЬСЯ (ПОЛЬЗОВАТЬСЯ, ПРИМЕНЯТЬ)
КАТАЛОГИЗИРОВАТЬ	106876-V	ВЫСКАЗАТЬ
КНЯЖИТЬ	106646-V	ОТНОШЕНИЕ МЕЖДУ СУЩНОСТЯМИ
КНЯЖИТЬ	1221-V	ПРОИЗВОДСТВО ПРОДУКЦИИ
КНЯЖИТЬ	5967-V	КИНОСЪЕМКА
КНЯЖИТЬ	120015-V	ВЫЗВАТЬ (ПОТРЕБОВАТЬ ЯВИТЬСЯ)
КНЯЖИТЬ	111564-V	КЛЕЙМИТЬ, СТАВИТЬ КЛЕЙМО
КНЯЖИТЬ	121334-V	ВЫЖЕЧЬ ЗНАК, РИСУНОК
КНЯЖИТЬ	112585-V	МЕТАТЬ, БРОСАТЬ С РАЗМАХОМ
КНЯЖИТЬ	114364-V	ЛОВЛЯ ДОБЫЧИ
КНЯЖИТЬ	3447-V	ОХОТА
КНЯЖИТЬ	123430-V	КРИТИКОВАТЬ (ОБСУЖДАТЬ, РАЗБИРАТЬ С ЦЕЛЬЮ ОЦЕНИТЬ)
КОМПОСТИРОВАТЬ	106876-V	ВЫСКАЗАТЬ
КОМПОСТИРОВАТЬ	116816-V	ОБРАТИТЬСЯ СО СЛОВАМИ
КОМПОСТИРОВАТЬ	121163-V	ПРИЙТИ (ДОСТИГНУТЬ ПОСЛЕ К-Л. ДЕЙСТВИЙ)
КОМПОСТИРОВАТЬ	111735-V	ВЫЧИСЛИТЬ, ИСЧИСЛИТЬ
КОМПОСТИРОВАТЬ	117028-V	ДОГАДАТЬСЯ
КОМПОСТИРОВАТЬ	116009-V	ЗАПРЕТИТЬ (НЕ ПОЗВОЛИТЬ)
КОМПОСТИРОВАТЬ	118698-V	ДЕЙСТВИЕ, ЦЕЛЕНАПРАВЛЕННОЕ ДЕЙСТВИЕ
КОМПОСТИРОВАТЬ	106638-V	УМЕНЬШИТЬ
КОМПОСТИРОВАТЬ	113462-V	ПОЧТЕНИЕ
КОМПОСТИРОВАТЬ	111978-V	ПРИБЛИЗИТЬСЯ НА РАССТОЯНИЕ
КООПЕРИРОВАТЬСЯ	106876-V	ВЫСКАЗАТЬ
КООПЕРИРОВАТЬСЯ	116816-V	ОБРАТИТЬСЯ СО СЛОВАМИ
КООПЕРИРОВАТЬСЯ	121163-V	ПРИЙТИ (ДОСТИГНУТЬ ПОСЛЕ К-Л. ДЕЙСТВИЙ)
КООПЕРИРОВАТЬСЯ	117028-V	ДОГАДАТЬСЯ
КООПЕРИРОВАТЬСЯ	116009-V	ЗАПРЕТИТЬ (НЕ ПОЗВОЛИТЬ)
КООПЕРИРОВАТЬСЯ	118698-V	ДЕЙСТВИЕ, ЦЕЛЕНАПРАВЛЕННОЕ ДЕЙСТВИЕ
КООПЕРИРОВАТЬСЯ	107093-V	ИЗДАТЬ ЗВУК
КООПЕРИРОВАТЬСЯ	116820-V	ОБЯЗАТЬ, НАЛОЖИТЬ ОБЯЗАННОСТЬ
КООПЕРИРОВАТЬСЯ	121095-V	ЗАДАТЬ, ДАТЬ ЗАДАНИЕ
КООПЕРИРОВАТЬСЯ	111735-V	ВЫЧИСЛИТЬ, ИСЧИСЛИТЬ
КРИВИТЬ	106646-V	ОТНОШЕНИЕ МЕЖДУ СУЩНОСТЯМИ
КРИВИТЬ	144027-V	СОВМЕСТНАЯ ДЕЯТЕЛЬНОСТЬ
КРИВИТЬ	1221-V	ПРОИЗВОДСТВО ПРОДУКЦИИ
КРИВИТЬ	5967-V	КИНОСЪЕМКА
КРИВИТЬ	106701-V	ДОСТИЧЬ, ДОБИТЬСЯ
КРИВИТЬ	129183-V	РАССУЖДАТЬ (МЫСЛИТЬ, СТРОИТЬ УМОЗАКЛЮЧЕНИЕ)
КРИВИТЬ	130887-V	ВЫВЕСТИ, СДЕЛАТЬ ВЫВОД
КРИВИТЬ	127271-V	ПРИЛЕГАТЬ, ПРИМЫКАТЬ
КРИВИТЬ	106884-V	СЧИТАТЬ, ПРИЗНАВАТЬ КЕМ-ЛИБО
КРИВИТЬ	115486-V	ВКЛЮЧИТЬ В СОСТАВ
КРОНИРОВАТЬ	121163-V	ПРИЙТИ (ДОСТИГНУТЬ ПОСЛЕ К-Л. ДЕЙСТВИЙ)
КРОНИРОВАТЬ	106876-V	ВЫСКАЗАТЬ
КРОНИРОВАТЬ	116816-V	ОБРАТИТЬСЯ СО СЛОВАМИ
КРОНИРОВАТЬ	111978-V	ПРИБЛИЗИТЬСЯ НА РАССТОЯНИЕ
КРОНИРОВАТЬ	106961-V	СОРЕВНОВАНИЕ, СОСТЯЗАНИЕ
КРОНИРОВАТЬ	118698-V	ДЕЙСТВИЕ, ЦЕЛЕНАПРАВЛЕННОЕ ДЕЙСТВИЕ
КРОНИРОВАТЬ	106884-V	СЧИТАТЬ, ПРИЗНАВАТЬ КЕМ-ЛИБО
КРОНИРОВАТЬ	115486-V	ВКЛЮЧИТЬ В СОСТАВ
КРОНИРОВАТЬ	117028-V	ДОГАДАТЬСЯ
КРОНИРОВАТЬ	116009-V	ЗАПРЕТИТЬ (НЕ ПОЗВОЛИТЬ)
КУДАХТАТЬ	106884-V	СЧИТАТЬ, ПРИЗНАВАТЬ КЕМ-ЛИБО
КУДАХТАТЬ	115486-V	ВКЛЮЧИТЬ В СОСТАВ
КУДАХТАТЬ	112585-V	МЕТАТЬ, БРОСАТЬ С РАЗМАХОМ
КУДАХТАТЬ	114364-V	ЛОВЛЯ ДОБЫЧИ
КУДАХТАТЬ	3447-V	ОХОТА
КУДАХТАТЬ	116009-V	ЗАПРЕТИТЬ (НЕ ПОЗВОЛИТЬ)
КУДАХТАТЬ	118698-V	ДЕЙСТВИЕ, ЦЕЛЕНАПРАВЛЕННОЕ ДЕЙСТВИЕ
КУДАХТАТЬ	106638-V	УМЕНЬШИТЬ
КУДАХТАТЬ	111625-V	ЧЕРТИТЬ, ДЕЛАТЬ ЧЕРТЕЖ
КУДАХТАТЬ	106639-V	УВЕЛИЧИТЬСЯ
ЛАЙКНУТЬ	116009-V	ЗАПРЕТИТЬ (НЕ ПОЗВОЛИТЬ)
ЛАЙКНУТЬ	118698-V	ДЕЙСТВИЕ, ЦЕЛЕНАПРАВЛЕННОЕ ДЕЙСТВИЕ
ЛАЙКНУТЬ	106961-V	СОРЕВНОВАНИЕ, СОСТЯЗАНИЕ
ЛАЙКНУТЬ	118698-V	ДЕЙСТВИЕ, ЦЕЛЕНАПРАВЛЕННОЕ ДЕЙСТВИЕ
ЛАЙКНУТЬ	1221-V	ПРОИЗВОДСТВО ПРОДУКЦИИ
ЛАЙКНУТЬ	5967-V	КИНОСЪЕМКА
ЛАЙКНУТЬ	106646-V	ОТНОШЕНИЕ МЕЖДУ СУЩНОСТЯМИ
ЛАЙКНУТЬ	112585-V	МЕТАТЬ, БРОСАТЬ С РАЗМАХОМ
ЛАЙКНУТЬ	114364-V	ЛОВЛЯ ДОБЫЧИ
ЛАЙКНУТЬ	3447-V	ОХОТА
ЛЕГИРОВАТЬ	116009-V	ЗАПРЕТИТЬ (НЕ ПОЗВОЛИТЬ)
ЛЕГИРОВАТЬ	118698-V	ДЕЙСТВИЕ, ЦЕЛЕНАПРАВЛЕННОЕ ДЕЙСТВИЕ
ЛЕГИРОВАТЬ	106961-V	СОРЕВНОВАНИЕ, СОСТЯЗАНИЕ
ЛЕГИРОВАТЬ	118698-V	ДЕЙСТВИЕ, ЦЕЛЕНАПРАВЛЕННОЕ ДЕЙСТВИЕ
ЛЕГИРОВАТЬ	114032-V	ТОСКА (ГРУСТЬ, УНЫНИЕ)
ЛЕГИРОВАТЬ	106876-V	ВЫСКАЗАТЬ
ЛЕГИРОВАТЬ	116816-V	ОБРАТИТЬСЯ СО СЛОВАМИ
ЛЕГИРОВАТЬ	106501-V	ЗАНЯТИЕ, ДЕЯТЕЛЬНОСТЬ
ЛЕГИРОВАТЬ	272-V	ДИСКРИМИНАЦИЯ
ЛЕГИРОВАТЬ	121163-V	ПРИЙТИ (ДОСТИГНУТЬ ПОСЛЕ К-Л. ДЕЙСТВИЙ)
ЛОСНИТЬСЯ	106876-V	ВЫСКАЗАТЬ
ЛОСНИТЬСЯ	116816-V	ОБРАТИТЬСЯ СО СЛОВАМИ
ЛОСНИТЬСЯ	120015-V	ВЫЗВАТЬ (ПОТРЕБОВАТЬ ЯВИТЬСЯ)
ЛОСНИТЬСЯ	116009-V	ЗАПРЕТИТЬ (НЕ ПОЗВОЛИТЬ)
ЛОСНИТЬСЯ	118698-V	ДЕЙСТВИЕ, ЦЕЛЕНАПРАВЛЕННОЕ ДЕЙСТВИЕ
ЛОСНИТЬСЯ	114032-V	ТОСКА (ГРУСТЬ, УНЫНИЕ)
ЛОСНИТЬСЯ	111978-V	ПРИБЛИЗИТЬСЯ НА РАССТОЯНИЕ
ЛОСНИТЬСЯ	106646-V	ОТНОШЕНИЕ МЕЖДУ СУЩНОСТЯМИ
ЛОСНИТЬСЯ	107470-V	ИДТИ НОГАМИ
ЛОСНИТЬСЯ	139800-V	ОБЕРНУТЬСЯ ТУДА И ОБРАТНО
ЛЬГОТИРОВАТЬ	116009-V	ЗАПРЕТИТЬ (НЕ ПОЗВОЛИТЬ)
ЛЬГОТИРОВАТЬ	118698-V	ДЕЙСТВИЕ, ЦЕЛЕНАПРАВЛЕННОЕ ДЕЙСТВИЕ
ЛЬГОТИРОВАТЬ	106876-V	ВЫСКАЗАТЬ
ЛЬГОТИРОВАТЬ	116816-V	ОБРАТИТЬСЯ СО СЛОВАМИ
ЛЬГОТИРОВАТЬ	106501-V	ЗАНЯТИЕ, ДЕЯТЕЛЬНОСТЬ
ЛЬГОТИРОВАТЬ	272-V	ДИСКРИМИНАЦИЯ
ЛЬГОТИРОВАТЬ	129183-V	РАССУЖДАТЬ (МЫСЛИТЬ, СТРОИТЬ УМОЗАКЛЮЧЕНИЕ)
ЛЬГОТИРОВАТЬ	130887-V	ВЫВЕСТИ, СДЕЛАТЬ ВЫВОД
ЛЬГОТИРОВАТЬ	106961-V	СОРЕВНОВАНИЕ, СОСТЯЗАНИЕ
ЛЬГОТИРОВАТЬ	118698-V	ДЕЙСТВИЕ, ЦЕЛЕНАПРАВЛЕННОЕ ДЕЙСТВИЕ
ЛЯЗГАТЬ	112585-V	МЕТАТЬ, БРОСАТЬ С РАЗМАХОМ
ЛЯЗГАТЬ	114364-V	ЛОВЛЯ ДОБЫЧИ
ЛЯЗГАТЬ	3447-V	ОХОТА
ЛЯЗГАТЬ	114032-V	ТОСКА (ГРУСТЬ, УНЫНИЕ)
ЛЯЗГАТЬ	116009-V	ЗАПРЕТИТЬ (НЕ ПОЗВОЛИТЬ)
ЛЯЗГАТЬ	118698-V	ДЕЙСТВИЕ, ЦЕЛЕНАПРАВЛЕННОЕ ДЕЙСТВИЕ
ЛЯЗГАТЬ	120015-V	ВЫЗВАТЬ (ПОТРЕБОВАТЬ ЯВИТЬСЯ)
ЛЯЗГАТЬ	1221-V	ПРОИЗВОДСТВО ПРОДУКЦИИ
ЛЯЗГАТЬ	5967-V	КИНОСЪЕМКА
ЛЯЗГАТЬ	110911-V	ВЫРВАТЬ, ВЫДРАТЬ
МАНКИРОВАТЬ	106961-V	СОРЕВНОВАНИЕ, СОСТЯЗАНИЕ
МАНКИРОВАТЬ	118698-V	ДЕЙСТВИЕ, ЦЕЛЕНАПРАВЛЕННОЕ ДЕЙСТВИЕ
МАНКИРОВАТЬ	111641-V	КИНОФОТОСЪЕМКА
МАНКИРОВАТЬ	142434-V	ПОСТАНОВКА ФИЛЬМА, ПРЕДСТАВЛЕНИЯ
МАНКИРОВАТЬ	117028-V	ДОГАДАТЬСЯ
МАНКИРОВАТЬ	106876-V	ВЫСКАЗАТЬ
МАНКИРОВАТЬ	116816-V	ОБРАТИТЬСЯ СО СЛОВАМИ
МАНКИРОВАТЬ	113462-V	ПОЧТЕНИЕ
МАНКИРОВАТЬ	111978-V	ПРИБЛИЗИТЬСЯ НА РАССТОЯНИЕ
МАНКИРОВАТЬ	116009-V	ЗАПРЕТИТЬ (НЕ ПОЗВОЛИТЬ)
МИКШИРОВАТЬ	106876-V	ВЫСКАЗАТЬ
МИКШИРОВАТЬ	116816-V	ОБРАТИТЬСЯ СО СЛОВАМИ
МИКШИРОВАТЬ	111735-V	ВЫЧИСЛИТЬ, ИСЧИСЛИТЬ
МИКШИРОВАТЬ	111978-V	ПРИБЛИЗИТЬСЯ НА РАССТОЯНИЕ
МИКШИРОВАТЬ	106638-V	УМЕНЬШИТЬ
МИКШИРОВАТЬ	106961-V	СОРЕВНОВАНИЕ, СОСТЯЗАНИЕ
МИКШИРОВАТЬ	118698-V	ДЕЙСТВИЕ, ЦЕЛЕНАПРАВЛЕННОЕ ДЕЙСТВИЕ
МИКШИРОВАТЬ	106884-V	СЧИТАТЬ, ПРИЗНАВАТЬ КЕМ-ЛИБО
МИКШИРОВАТЬ	115486-V	ВКЛЮЧИТЬ В СОСТАВ
МИКШИРОВАТЬ	111641-V	КИНОФОТОСЪЕМКА
МОЛОДИТЬ	142434-V	ПОСТАНОВКА ФИЛЬМА, ПРЕДСТАВЛЕНИЯ
МОЛОДИТЬ	106961-V	СОРЕВНОВАНИЕ, СОСТЯЗАНИЕ
МОЛОДИТЬ	118698-V	ДЕЙСТВИЕ, ЦЕЛЕНАПРАВЛЕННОЕ ДЕЙСТВИЕ
МОЛОДИТЬ	106501-V	ЗАНЯТИЕ, ДЕЯТЕЛЬНОСТЬ
МОЛОДИТЬ	272-V	ДИСКРИМИНАЦИЯ
МОЛОДИТЬ	114032-V	ТОСКА (ГРУСТЬ, УНЫНИЕ)
МОЛОДИТЬ	111978-V	ПРИБЛИЗИТЬСЯ НА РАССТОЯНИЕ
МОЛОДИТЬ	129183-V	РАССУЖДАТЬ (МЫСЛИТЬ, СТРОИТЬ УМОЗАКЛЮЧЕНИЕ)
МОЛОДИТЬ	130887-V	ВЫВЕСТИ, СДЕЛАТЬ ВЫВОД
МОЛОДИТЬ	116009-V	ЗАПРЕТИТЬ (НЕ ПОЗВОЛИТЬ)
МОТОРИЗОВАТЬ	117028-V	ДОГАДАТЬСЯ
МОТОРИЗОВАТЬ	106961-V	СОРЕВНОВАНИЕ, СОСТЯЗАНИЕ
МОТОРИЗОВАТЬ	118698-V	ДЕЙСТВИЕ, ЦЕЛЕНАПРАВЛЕННОЕ ДЕЙСТВИЕ
МОТОРИЗОВАТЬ	106876-V	ВЫСКАЗАТЬ
МОТОРИЗОВАТЬ	116816-V	ОБРАТИТЬСЯ СО СЛОВАМИ
МОТОРИЗОВАТЬ	129183-V	РАССУЖДАТЬ (МЫСЛИТЬ, СТРОИТЬ УМОЗАКЛЮЧЕНИЕ)
МОТОРИЗОВАТЬ	130887-V	ВЫВЕСТИ, СДЕЛАТЬ ВЫВОД
МОТОРИЗОВАТЬ	111978-V	ПРИБЛИЗИТЬСЯ НА РАССТОЯНИЕ
МОТОРИЗОВАТЬ	142434-V	ПОСТАНОВКА ФИЛЬМА, ПРЕДСТАВЛЕНИЯ
МОТОРИЗОВАТЬ	111641-V	КИНОФОТОСЪЕМКА
МУЛЬЧИРОВАТЬ	106876-V	ВЫСКАЗАТЬ
МУЛЬЧИРОВАТЬ	116816-V	ОБРАТИТЬСЯ СО СЛОВАМИ
МУЛЬЧИРОВАТЬ	117028-V	ДОГАДАТЬСЯ
МУЛЬЧИРОВАТЬ	106961-V	СОРЕВНОВАНИЕ, СОСТЯЗАНИЕ
МУЛЬЧИРОВАТЬ	118698-V	ДЕЙСТВИЕ, ЦЕЛЕНАПРАВЛЕННОЕ ДЕЙСТВИЕ
МУЛЬЧИРОВАТЬ	111641-V	КИНОФОТОСЪЕМКА
МУЛЬЧИРОВАТЬ	142434-V	ПОСТАНОВКА ФИЛЬМА, ПРЕДСТАВЛЕНИЯ
МУЛЬЧИРОВАТЬ	116009-V	ЗАПРЕТИТЬ (НЕ ПОЗВОЛИТЬ)
МУЛЬЧИРОВАТЬ	118698-V	ДЕЙСТВИЕ, ЦЕЛЕНАПРАВЛЕННОЕ ДЕЙСТВИЕ
МУЛЬЧИРОВАТЬ	120821-V	СНЕСТИ, ОТНЕСТИ ВНИЗ
МУШТРОВАТЬ	106961-V	СОРЕВНОВАНИЕ, СОСТЯЗАНИЕ
МУШТРОВАТЬ	118698-V	ДЕЙСТВИЕ, ЦЕЛЕНАПРАВЛЕННОЕ ДЕЙСТВИЕ
МУШТРОВАТЬ	142434-V	ПОСТАНОВКА ФИЛЬМА, ПРЕДСТАВЛЕНИЯ
МУШТРОВАТЬ	116009-V	ЗАПРЕТИТЬ (НЕ ПОЗВОЛИТЬ)
МУШТРОВАТЬ	118698-V	ДЕЙСТВИЕ, ЦЕЛЕНАПРАВЛЕННОЕ ДЕЙСТВИЕ
МУШТРОВАТЬ	129183-V	РАССУЖДАТЬ (МЫСЛИТЬ, СТРОИТЬ УМОЗАКЛЮЧЕНИЕ)
МУШТРОВАТЬ	130887-V	ВЫВЕСТИ, СДЕЛАТЬ ВЫВОД
МУШТРОВАТЬ	111641-V	КИНОФОТОСЪЕМКА
МУШТРОВАТЬ	112585-V	МЕТАТЬ, БРОСАТЬ С РАЗМАХОМ
МУШТРОВАТЬ	114364-V	ЛОВЛЯ ДОБЫЧИ
НАБЕГАТЬСЯ	106876-V	ВЫСКАЗАТЬ
НАБЕГАТЬСЯ	116816-V	ОБРАТИТЬСЯ СО СЛОВАМИ
НАБЕГАТЬСЯ	120015-V	ВЫЗВАТЬ (ПОТРЕБОВАТЬ ЯВИТЬСЯ)
НАБЕГАТЬСЯ	116009-V	ЗАПРЕТИТЬ (НЕ ПОЗВОЛИТЬ)
НАБЕГАТЬСЯ	118698-V	ДЕЙСТВИЕ, ЦЕЛЕНАПРАВЛЕННОЕ ДЕЙСТВИЕ
НАБЕГАТЬСЯ	114032-V	ТОСКА (ГРУСТЬ, УНЫНИЕ)
НАБЕГАТЬСЯ	111387-V	ЗАСТРЕЛИТЬ (УБИТЬ)
НАБЕГАТЬСЯ	2465-V	СТРЕЛЬБА
НАБЕГАТЬСЯ	111978-V	ПРИБЛИЗИТЬСЯ НА РАССТОЯНИЕ
НАБЕГАТЬСЯ	129792-V	ВОЗЛОЖИТЬ ОТВЕТСТВЕННОСТЬ
НАГУЛЯТЬ	114032-V	ТОСКА (ГРУСТЬ, УНЫНИЕ)
НАГУЛЯТЬ	120015-V	ВЫЗВАТЬ (ПОТРЕБОВАТЬ ЯВИТЬСЯ)
НАГУЛЯТЬ	106961-V	СОРЕВНОВАНИЕ, СОСТЯЗАНИЕ
НАГУЛЯТЬ	118698-V	ДЕЙСТВИЕ, ЦЕЛЕНАПРАВЛЕННОЕ ДЕЙСТВИЕ
НАГУЛЯТЬ	1221-V	ПРОИЗВОДСТВО ПРОДУКЦИИ
НАГУЛЯТЬ	5967-V	КИНОСЪЕМКА
НАГУЛЯТЬ	106646-V	ОТНОШЕНИЕ МЕЖДУ СУЩНОСТЯМИ
НАГУЛЯТЬ	1221-V	ПРОИЗВОДСТВО ПРОДУКЦИИ
НАГУЛЯТЬ	110911-V	ВЫРВАТЬ, ВЫДРАТЬ
НАГУЛЯТЬ	142434-V	ПОСТАНОВКА ФИЛЬМА, ПРЕДСТАВЛЕНИЯ
НАЕЗДИТЬСЯ	106876-V	ВЫСКАЗАТЬ
НАЕЗДИТЬСЯ	116816-V	ОБРАТИТЬСЯ СО СЛОВАМИ
НАЕЗДИТЬСЯ	120015-V	ВЫЗВАТЬ (ПОТРЕБОВАТЬ ЯВИТЬСЯ)
НАЕЗДИТЬСЯ	111978-V	ПРИБЛИЗИТЬСЯ НА РАССТОЯНИЕ
НАЕЗДИТЬСЯ	114032-V	ТОСКА (ГРУСТЬ, УНЫНИЕ)
НАЕЗДИТЬСЯ	116009-V	ЗАПРЕТИТЬ (НЕ ПОЗВОЛИТЬ)
НАЕЗДИТЬСЯ	118698-V	ДЕЙСТВИЕ, ЦЕЛЕНАПРАВЛЕННОЕ ДЕЙСТВИЕ
НАЕЗДИТЬСЯ	111641-V	КИНОФОТОСЪЕМКА
НАЕЗДИТЬСЯ	129792-V	ВОЗЛОЖИТЬ ОТВЕТСТВЕННОСТЬ
НАЕЗДИТЬСЯ	1221-V	ПРОИЗВОДСТВО ПРОДУКЦИИ
НАКЛИКАТЬ	116009-V	ЗАПРЕТИТЬ (НЕ ПОЗВОЛИТЬ)
НАКЛИКАТЬ	118698-V	ДЕЙСТВИЕ, ЦЕЛЕНАПРАВЛЕННОЕ ДЕЙСТВИЕ
НАКЛИКАТЬ	106876-V	ВЫСКАЗАТЬ
НАКЛИКАТЬ	116816-V	ОБРАТИТЬСЯ СО СЛОВАМИ
НАКЛИКАТЬ	106884-V	СЧИТАТЬ, ПРИЗНАВАТЬ КЕМ-ЛИБО
НАКЛИКАТЬ	115486-V	ВКЛЮЧИТЬ В СОСТАВ
НАКЛИКАТЬ	107093-V	ИЗДАТЬ ЗВУК
НАКЛИКАТЬ	106638-V	УМЕНЬШИТЬ
НАКЛИКАТЬ	114032-V	ТОСКА (ГРУСТЬ, УНЫНИЕ)
НАКЛИКАТЬ	114396-V	ОБРАЩАТЬСЯ (ПОЛЬЗОВАТЬСЯ, ПРИМЕНЯТЬ)
НАКРЕНИТЬ	114032-V	ТОСКА (ГРУСТЬ, УНЫНИЕ)
НАКРЕНИТЬ	106961-V	СОРЕВНОВАНИЕ, СОСТЯЗАНИЕ
НАКРЕНИТЬ	118698-V	ДЕЙСТВИЕ, ЦЕЛЕНАПРАВЛЕННОЕ ДЕЙСТВИЕ
НАКРЕНИТЬ	106876-V	ВЫСКАЗАТЬ
НАКРЕНИТЬ	116816-V	ОБРАТИТЬСЯ СО СЛОВАМИ
НАКРЕНИТЬ	112585-V	МЕТАТЬ, БРОСАТЬ С РАЗМАХОМ
НАКРЕНИТЬ	114364-V	ЛОВЛЯ ДОБЫЧИ
НАКРЕНИТЬ	3447-V	ОХОТА
НАКРЕНИТЬ	142434-V	ПОСТАНОВКА ФИЛЬМА, ПРЕДСТАВЛЕНИЯ
НАКРЕНИТЬ	116009-V	ЗАПРЕТИТЬ (НЕ ПОЗВОЛИТЬ)
НАЛОВЧИТЬСЯ	106876-V	ВЫСКАЗАТЬ
НАЛОВЧИТЬСЯ	116816-V	ОБРАТИТЬСЯ СО СЛОВАМИ
НАЛОВЧИТЬСЯ	117028-V	ДОГАДАТЬСЯ
НАЛОВЧИТЬСЯ	120015-V	ВЫЗВАТЬ (ПОТРЕБОВАТЬ ЯВИТЬСЯ)
НАЛОВЧИТЬСЯ	142434-V	ПОСТАНОВКА ФИЛЬМА, ПРЕДСТАВЛЕНИЯ
НАЛОВЧИТЬСЯ	116009-V	ЗАПРЕТИТЬ (НЕ ПОЗВОЛИТЬ)
НАЛОВЧИТЬСЯ	118698-V	ДЕЙСТВИЕ, ЦЕЛЕНАПРАВЛЕННОЕ ДЕЙСТВИЕ
НАЛОВЧИТЬСЯ	114108-V	ПЕЧАТАТЬ (ВОСПРОИЗВОДИТЬ)
НАЛОВЧИТЬСЯ	144051-V	ИЗДАТЕЛЬСКАЯ ДЕЯТЕЛЬНОСТЬ
НАЛОВЧИТЬСЯ	111641-V	КИНОФОТОСЪЕМКА
НАНЮХАТЬСЯ	106876-V	ВЫСКАЗАТЬ
НАНЮХАТЬСЯ	116816-V	ОБРАТИТЬСЯ СО СЛОВАМИ
НАНЮХАТЬСЯ	120015-V	ВЫЗВАТЬ (ПОТРЕБОВАТЬ ЯВИТЬСЯ)
НАНЮХАТЬСЯ	116009-V	ЗАПРЕТИТЬ (НЕ ПОЗВОЛИТЬ)
НАНЮХАТЬСЯ	118698-V	ДЕЙСТВИЕ, ЦЕЛЕНАПРАВЛЕННОЕ ДЕЙСТВИЕ
НАНЮХАТЬСЯ	1221-V	ПРОИЗВОДСТВО ПРОДУКЦИИ
НАНЮХАТЬСЯ	5967-V	КИНОСЪЕМКА
НАНЮХАТЬСЯ	114032-V	ТОСКА (ГРУСТЬ, УНЫНИЕ)
НАНЮХАТЬСЯ	111564-V	КЛЕЙМИТЬ, СТАВИТЬ КЛЕЙМО
НАНЮХАТЬСЯ	121334-V	ВЫЖЕЧЬ ЗНАК, РИСУНОК
НАСИЖИВАТЬ	116009-V	ЗАПРЕТИТЬ (НЕ ПОЗВОЛИТЬ)
НАСИЖИВАТЬ	118698-V	ДЕЙСТВИЕ, ЦЕЛЕНАПРАВЛЕННОЕ ДЕЙСТВИЕ
НАСИЖИВАТЬ	106876-V	ВЫСКАЗАТЬ
НАСИЖИВАТЬ	116816-V	ОБРАТИТЬСЯ СО СЛОВАМИ
НАСИЖИВАТЬ	106638-V	УМЕНЬШИТЬ
НАСИЖИВАТЬ	120015-V	ВЫЗВАТЬ (ПОТРЕБОВАТЬ ЯВИТЬСЯ)
НАСИЖИВАТЬ	106646-V	ОТНОШЕНИЕ МЕЖДУ СУЩНОСТЯМИ
НАСИЖИВАТЬ	106501-V	ЗАНЯТИЕ, ДЕЯТЕЛЬНОСТЬ
НАСИЖИВАТЬ	272-V	ДИСКРИМИНАЦИЯ
НАСИЖИВАТЬ	106884-V	СЧИТАТЬ, ПРИЗНАВАТЬ КЕМ-ЛИБО
НЕВОЛИТЬ	129183-V	РАССУЖДАТЬ (МЫСЛИТЬ, СТРОИТЬ УМОЗАКЛЮЧЕНИЕ)
НЕВОЛИТЬ	130887-V	ВЫВЕСТИ, СДЕЛАТЬ ВЫВОД
НЕВОЛИТЬ	112585-V	МЕТАТЬ, БРОСАТЬ С РАЗМАХОМ
НЕВОЛИТЬ	114364-V	ЛОВЛЯ ДОБЫЧИ
НЕВОЛИТЬ	3447-V	ОХОТА
НЕВОЛИТЬ	106501-V	ЗАНЯТИЕ, ДЕЯТЕЛЬНОСТЬ
НЕВОЛИТЬ	272-V	ДИСКРИМИНАЦИЯ
НЕВОЛИТЬ	106961-V	СОРЕВНОВАНИЕ, СОСТЯЗАНИЕ
НЕВОЛИТЬ	118698-V	ДЕЙСТВИЕ, ЦЕЛЕНАПРАВЛЕННОЕ ДЕЙСТВИЕ
НЕВОЛИТЬ	114032-V	ТОСКА (ГРУСТЬ, УНЫНИЕ)
ОБАГРИТЬ	112585-V	МЕТАТЬ, БРОСАТЬ С РАЗМАХОМ
ОБАГРИТЬ	114364-V	ЛОВЛЯ ДОБЫЧИ
ОБАГРИТЬ	3447-V	ОХОТА
ОБАГРИТЬ	106884-V	СЧИТАТЬ, ПРИЗНАВАТЬ КЕМ-ЛИБО
ОБАГРИТЬ	115486-V	ВКЛЮЧИТЬ В СОСТАВ
ОБАГРИТЬ	120015-V	ВЫЗВАТЬ (ПОТРЕБОВАТЬ ЯВИТЬСЯ)
ОБАГРИТЬ	106961-V	СОРЕВНОВАНИЕ, СОСТЯЗАНИЕ
ОБАГРИТЬ	118698-V	ДЕЙСТВИЕ, ЦЕЛЕНАПРАВЛЕННОЕ ДЕЙСТВИЕ
ОБАГРИТЬ	106876-V	ВЫСКАЗАТЬ
ОБАГРИТЬ	116816-V	ОБРАТИТЬСЯ СО СЛОВАМИ
ОБЕЗЖЕЛЕЗИТЬ	106876-V	ВЫСКАЗАТЬ
ОБЕЗЖЕЛЕЗИТЬ	116816-V	ОБРАТИТЬСЯ СО СЛОВАМИ
ОБЕЗЖЕЛЕЗИТЬ	121163-V	ПРИЙТИ (ДОСТИГНУТЬ ПОСЛЕ К-Л. ДЕЙСТВИЙ)
ОБЕЗЖЕЛЕЗИТЬ	114396-V	ОБРАЩАТЬСЯ (ПОЛЬЗОВАТЬСЯ, ПРИМЕНЯТЬ)
ОБЕЗЖЕЛЕЗИТЬ	106638-V	УМЕНЬШИТЬ
ОБЕЗЖЕЛЕЗИТЬ	111641-V	КИНОФОТОСЪЕМКА
ОБЕЗЖЕЛЕЗИТЬ	106961-V	СОРЕВНОВАНИЕ, СОСТЯЗАНИЕ
ОБЕЗЖЕЛЕЗИТЬ	118698-V	ДЕЙСТВИЕ, ЦЕЛЕНАПРАВЛЕННОЕ ДЕЙСТВИЕ
ОБЕЗЖЕЛЕЗИТЬ	111978-V	ПРИБЛИЗИТЬСЯ НА РАССТОЯНИЕ
ОБЕЗЖЕЛЕЗИТЬ	106884-V	СЧИТАТЬ, ПРИЗНАВАТЬ КЕМ-ЛИБО
ОБЕЗЬЯННИЧАТЬ	106876-V	ВЫСКАЗАТЬ
ОБЕЗЬЯННИЧАТЬ	116816-V	ОБРАТИТЬСЯ СО СЛОВАМИ
ОБЕЗЬЯННИЧАТЬ	117028-V	ДОГАДАТЬСЯ
ОБЕЗЬЯННИЧАТЬ	121163-V	ПРИЙТИ (ДОСТИГНУТЬ ПОСЛЕ К-Л. ДЕЙСТВИЙ)
ОБЕЗЬЯННИЧАТЬ	106638-V	УМЕНЬШИТЬ
ОБЕЗЬЯННИЧАТЬ	111978-V	ПРИБЛИЗИТЬСЯ НА РАССТОЯНИЕ
ОБЕЗЬЯННИЧАТЬ	106961-V	СОРЕВНОВАНИЕ, СОСТЯЗАНИЕ
ОБЕЗЬЯННИЧАТЬ	118698-V	ДЕЙСТВИЕ, ЦЕЛЕНАПРАВЛЕННОЕ ДЕЙСТВИЕ
ОБЕЗЬЯННИЧАТЬ	106884-V	СЧИТАТЬ, ПРИЗНАВАТЬ КЕМ-ЛИБО
ОБЕЗЬЯННИЧАТЬ	115486-V	ВКЛЮЧИТЬ В СОСТАВ
ОБКОЛОТЬ	129183-V	РАССУЖДАТЬ (МЫСЛИТЬ, СТРОИТЬ УМОЗАКЛЮЧЕНИЕ)
ОБКОЛОТЬ	130887-V	ВЫВЕСТИ, СДЕЛАТЬ ВЫВОД
ОБКОЛОТЬ	113462-V	ПОЧТЕНИЕ
ОБКОЛОТЬ	106876-V	ВЫСКАЗАТЬ
ОБКОЛОТЬ	116816-V	ОБРАТИТЬСЯ СО СЛОВАМИ
ОБКОЛОТЬ	116009-V	ЗАПРЕТИТЬ (НЕ ПОЗВОЛИТЬ)
ОБКОЛОТЬ	118698-V	ДЕЙСТВИЕ, ЦЕЛЕНАПРАВЛЕННОЕ ДЕЙСТВИЕ
ОБКОЛОТЬ	107692-V	ДАТЬ ВОЗМОЖНОСТЬ, ПОЗВОЛИТЬ
ОБКОЛОТЬ	106884-V	СЧИТАТЬ, ПРИЗНАВАТЬ КЕМ-ЛИБО
ОБКОЛОТЬ	115486-V	ВКЛЮЧИТЬ В СОСТАВ
ОБОЖЕСТВИТЬ	106876-V	ВЫСКАЗАТЬ
ОБОЖЕСТВИТЬ	116816-V	ОБРАТИТЬСЯ СО СЛОВАМИ
ОБОЖЕСТВИТЬ	106638-V	УМЕНЬШИТЬ
ОБОЖЕСТВИТЬ	116009-V	ЗАПРЕТИТЬ (НЕ ПОЗВОЛИТЬ)
ОБОЖЕСТВИТЬ	118698-V	ДЕЙСТВИЕ, ЦЕЛЕНАПРАВЛЕННОЕ ДЕЙСТВИЕ
ОБОЖЕСТВИТЬ	111978-V	ПРИБЛИЗИТЬСЯ НА РАССТОЯНИЕ
ОБОЖЕСТВИТЬ	111625-V	ЧЕРТИТЬ, ДЕЛАТЬ ЧЕРТЕЖ
ОБОЖЕСТВИТЬ	129183-V	РАССУЖДАТЬ (МЫСЛИТЬ, СТРОИТЬ УМОЗАКЛЮЧЕНИЕ)
ОБОЖЕСТВИТЬ	130887-V	ВЫВЕСТИ, СДЕЛАТЬ ВЫВОД
ОБОЖЕСТВИТЬ	120015-V	ВЫЗВАТЬ (ПОТРЕБОВАТЬ ЯВИТЬСЯ)
ОБСАДИТЬ	120015-V	ВЫЗВАТЬ (ПОТРЕБОВАТЬ ЯВИТЬСЯ)
ОБСАДИТЬ	106884-V	СЧИТАТЬ, ПРИЗНАВАТЬ КЕМ-ЛИБО
ОБСАДИТЬ	115486-V	ВКЛЮЧИТЬ В СОСТАВ
ОБСАДИТЬ	106876-V	ВЫСКАЗАТЬ
ОБСАДИТЬ	116816-V	ОБРАТИТЬСЯ СО СЛОВАМИ
ОБСАДИТЬ	111978-V	ПРИБЛИЗИТЬСЯ НА РАССТОЯНИЕ
ОБСАДИТЬ	129183-V	РАССУЖДАТЬ (МЫСЛИТЬ, СТРОИТЬ УМОЗАКЛЮЧЕНИЕ)
ОБСАДИТЬ	130887-V	ВЫВЕСТИ, СДЕЛАТЬ ВЫВОД
ОБСАДИТЬ	116009-V	ЗАПРЕТИТЬ (НЕ ПОЗВОЛИТЬ)
ОБСАДИТЬ	118698-V	ДЕЙСТВИЕ, ЦЕЛЕНАПРАВЛЕННОЕ ДЕЙСТВИЕ
ОБУГЛИТЬ	112585-V	МЕТАТЬ, БРОСАТЬ С РАЗМАХОМ
ОБУГЛИТЬ	114364-V	ЛОВЛЯ ДОБЫЧИ
ОБУГЛИТЬ	3447-V	ОХОТА
ОБУГЛИТЬ	106884-V	СЧИТАТЬ, ПРИЗНАВАТЬ КЕМ-ЛИБО
ОБУГЛИТЬ	115486-V	ВКЛЮЧИТЬ В СОСТАВ
ОБУГЛИТЬ	106876-V	ВЫСКАЗАТЬ
ОБУГЛИТЬ	116816-V	ОБРАТИТЬСЯ СО СЛОВАМИ
ОБУГЛИТЬ	120015-V	ВЫЗВАТЬ (ПОТРЕБОВАТЬ ЯВИТЬСЯ)
ОБУГЛИТЬ	129183-V	РАССУЖДАТЬ (МЫСЛИТЬ, СТРОИТЬ УМОЗАКЛЮЧЕНИЕ)
ОБУГЛИТЬ	130887-V	ВЫВЕСТИ, СДЕЛАТЬ ВЫВОД
ОГРУБЕТЬ	106961-V	СОРЕВНОВАНИЕ, СОСТЯЗАНИЕ
ОГРУБЕТЬ	118698-V	ДЕЙСТВИЕ, ЦЕЛЕНАПРАВЛЕННОЕ ДЕЙСТВИЕ
ОГРУБЕТЬ	112585-V	МЕТАТЬ, БРОСАТЬ С РАЗМАХОМ
ОГРУБЕТЬ	114364-V	ЛОВЛЯ ДОБЫЧИ
ОГРУБЕТЬ	3447-V	ОХОТА
ОГРУБЕТЬ	129183-V	РАССУЖДАТЬ (МЫСЛИТЬ, СТРОИТЬ УМОЗАКЛЮЧЕНИЕ)
ОГРУБЕТЬ	130887-V	ВЫВЕСТИ, СДЕЛАТЬ ВЫВОД
ОГРУБЕТЬ	110911-V	ВЫРВАТЬ, ВЫДРАТЬ
ОГРУБЕТЬ	111978-V	ПРИБЛИЗИТЬСЯ НА РАССТОЯНИЕ
ОГРУБЕТЬ	106876-V	ВЫСКАЗАТЬ
ОДУХОТВОРИТЬ	106876-V	ВЫСКАЗАТЬ
ОДУХОТВОРИТЬ	116816-V	ОБРАТИТЬСЯ СО СЛОВАМИ
ОДУХОТВОРИТЬ	117028-V	ДОГАДАТЬСЯ
ОДУХОТВОРИТЬ	129183-V	РАССУЖДАТЬ (МЫСЛИТЬ, СТРОИТЬ УМОЗАКЛЮЧЕНИЕ)
ОДУХОТВОРИТЬ	130887-V	ВЫВЕСТИ, СДЕЛАТЬ ВЫВОД
ОДУХОТВОРИТЬ	106638-V	УМЕНЬШИТЬ
ОДУХОТВОРИТЬ	111978-V	ПРИБЛИЗИТЬСЯ НА РАССТОЯНИЕ
ОДУХОТВОРИТЬ	111735-V	ВЫЧИСЛИТЬ, ИСЧИСЛИТЬ
ОДУХОТВОРИТЬ	106884-V	СЧИТАТЬ, ПРИЗНАВАТЬ КЕМ-ЛИБО
ОДУХОТВОРИТЬ	115486-V	ВКЛЮЧИТЬ В СОСТАВ
ОКАТЬ	112995-V	СКЛОННОСТЬ (ПОСТОЯННОЕ ВЛЕЧЕНИЕ)
ОКАТЬ	123430-V	КРИТИКОВАТЬ (ОБСУЖДАТЬ, РАЗБИРАТЬ С ЦЕЛЬЮ ОЦЕНИТЬ)
ОКАТЬ	148420-V	ОТНОШЕНИЯ МЕЖДУ ЛЮДЬМИ
ОКАТЬ	106938-V	ПЕРЕМЕСТИТЬ
ОКАТЬ	111100-V	ПЛАВИТЬ
ОКАТЬ	129701-V	ВАРКА (ТЕХНОЛОГИЧЕСКИЙ ПРОЦЕСС)
ОКАТЬ	106646-V	ОТНОШЕНИЕ МЕЖДУ СУЩНОСТЯМИ
ОКАТЬ	106550-V	НЕСЧАСТЬЕ
ОКАТЬ	117225-V	ОБРУШИТЬСЯ, ОБВАЛИТЬСЯ
ОКАТЬ	106501-V	ЗАНЯТИЕ, ДЕЯТЕЛЬНОСТЬ
ОКРОВАВИТЬ	106876-V	ВЫСКАЗАТЬ
ОКРОВАВИТЬ	116816-V	ОБРАТИТЬСЯ СО СЛОВАМИ
ОКРОВАВИТЬ	129183-V	РАССУЖДАТЬ (МЫСЛИТЬ, СТРОИТЬ УМОЗАКЛЮЧЕНИЕ)
ОКРОВАВИТЬ	130887-V	ВЫВЕСТИ, СДЕЛАТЬ ВЫВОД
ОКРОВАВИТЬ	116009-V	ЗАПРЕТИТЬ (НЕ ПОЗВОЛИТЬ)
ОКРОВАВИТЬ	118698-V	ДЕЙСТВИЕ, ЦЕЛЕНАПРАВЛЕННОЕ ДЕЙСТВИЕ
ОКРОВАВИТЬ	113462-V	ПОЧТЕНИЕ
ОКРОВАВИТЬ	120015-V	ВЫЗВАТЬ (ПОТРЕБОВАТЬ ЯВИТЬСЯ)
ОКРОВАВИТЬ	117028-V	ДОГАДАТЬСЯ
ОКРОВАВИТЬ	106638-V	УМЕНЬШИТЬ
ОПЛАВИТЬСЯ	106876-V	ВЫСКАЗАТЬ
ОПЛАВИТЬСЯ	116816-V	ОБРАТИТЬСЯ СО СЛОВАМИ
ОПЛАВИТЬСЯ	120015-V	ВЫЗВАТЬ (ПОТРЕБОВАТЬ ЯВИТЬСЯ)
ОПЛАВИТЬСЯ	111625-V	ЧЕРТИТЬ, ДЕЛАТЬ ЧЕРТЕЖ
ОПЛАВИТЬСЯ	113462-V	ПОЧТЕНИЕ
ОПЛАВИТЬСЯ	117028-V	ДОГАДАТЬСЯ
ОПЛАВИТЬСЯ	116009-V	ЗАПРЕТИТЬ (НЕ ПОЗВОЛИТЬ)
ОПЛАВИТЬСЯ	118698-V	ДЕЙСТВИЕ, ЦЕЛЕНАПРАВЛЕННОЕ ДЕЙСТВИЕ
ОПЛАВИТЬСЯ	107093-V	ИЗДАТЬ ЗВУК
ОПЛАВИТЬСЯ	106638-V	УМЕНЬШИТЬ
ОПОХМЕЛИТЬСЯ	106876-V	ВЫСКАЗАТЬ
ОПОХМЕЛИТЬСЯ	116816-V	ОБРАТИТЬСЯ СО СЛОВАМИ
ОПОХМЕЛИТЬСЯ	117028-V	ДОГАДАТЬСЯ
ОПОХМЕЛИТЬСЯ	121163-V	ПРИЙТИ (ДОСТИГНУТЬ ПОСЛЕ К-Л. ДЕЙСТВИЙ)
ОПОХМЕЛИТЬСЯ	111978-V	ПРИБЛИЗИТЬСЯ НА РАССТОЯНИЕ
ОПОХМЕЛИТЬСЯ	120015-V	ВЫЗВАТЬ (ПОТРЕБОВАТЬ ЯВИТЬСЯ)
ОПОХМЕЛИТЬСЯ	111625-V	ЧЕРТИТЬ, ДЕЛАТЬ ЧЕРТЕЖ
ОПОХМЕЛИТЬСЯ	113462-V	ПОЧТЕНИЕ
ОПОХМЕЛИТЬСЯ	129792-V	ВОЗЛОЖИТЬ ОТВЕТСТВЕННОСТЬ
ОПОХМЕЛИТЬСЯ	129183-V	РАССУЖДАТЬ (МЫСЛИТЬ, СТРОИТЬ УМОЗАКЛЮЧЕНИЕ)
ОРОГОВЕТЬ	129183-V	РАССУЖДАТЬ (МЫСЛИТЬ, СТРОИТЬ УМОЗАКЛЮЧЕНИЕ)
ОРОГОВЕТЬ	130887-V	ВЫВЕСТИ, СДЕЛАТЬ ВЫВОД
ОРОГОВЕТЬ	111978-V	ПРИБЛИЗИТЬСЯ НА РАССТОЯНИЕ
ОРОГОВЕТЬ	106961-V	СОРЕВНОВАНИЕ, СОСТЯЗАНИЕ
ОРОГОВЕТЬ	118698-V	ДЕЙСТВИЕ, ЦЕЛЕНАПРАВЛЕННОЕ ДЕЙСТВИЕ
ОРОГОВЕТЬ	113462-V	ПОЧТЕНИЕ
ОРОГОВЕТЬ	112585-V	МЕТАТЬ, БРОСАТЬ С РАЗМАХОМ
ОРОГОВЕТЬ	114364-V	ЛОВЛЯ ДОБЫЧИ
ОРОГОВЕТЬ	3447-V	ОХОТА
ОРОГОВЕТЬ	106876-V	ВЫСКАЗАТЬ
ОСЛЫШАТЬСЯ	106876-V	ВЫСКАЗАТЬ
ОСЛЫШАТЬСЯ	116816-V	ОБРАТИТЬСЯ СО СЛОВАМИ
ОСЛЫШАТЬСЯ	120015-V	ВЫЗВАТЬ (ПОТРЕБОВАТЬ ЯВИТЬСЯ)
ОСЛЫШАТЬСЯ	116009-V	ЗАПРЕТИТЬ (НЕ ПОЗВОЛИТЬ)
ОСЛЫШАТЬСЯ	118698-V	ДЕЙСТВИЕ, ЦЕЛЕНАПРАВЛЕННОЕ ДЕЙСТВИЕ
ОСЛЫШАТЬСЯ	129183-V	РАССУЖДАТЬ (МЫСЛИТЬ, СТРОИТЬ УМОЗАКЛЮЧЕНИЕ)
ОСЛЫШАТЬСЯ	130887-V	ВЫВЕСТИ, СДЕЛАТЬ ВЫВОД
ОСЛЫШАТЬСЯ	113462-V	ПОЧТЕНИЕ
ОСЛЫШАТЬСЯ	107093-V	ИЗДАТЬ ЗВУК
ОСЛЫШАТЬСЯ	116526-V	ОТВЕЧАТЬ, НЕСТИ ОТВЕТСТВЕННОСТЬ
ОТГРЫЗТЬ	129183-V	РАССУЖДАТЬ (МЫСЛИТЬ, СТРОИТЬ УМОЗАКЛЮЧЕНИЕ)
ОТГРЫЗТЬ	130887-V	ВЫВЕСТИ, СДЕЛАТЬ ВЫВОД
ОТГРЫЗТЬ	112585-V	МЕТАТЬ, БРОСАТЬ С РАЗМАХОМ
ОТГРЫЗТЬ	114364-V	ЛОВЛЯ ДОБЫЧИ
ОТГРЫЗТЬ	3447-V	ОХОТА
ОТГРЫЗТЬ	106961-V	СОРЕВНОВАНИЕ, СОСТЯЗАНИЕ
ОТГРЫЗТЬ	118698-V	ДЕЙСТВИЕ, ЦЕЛЕНАПРАВЛЕННОЕ ДЕЙСТВИЕ
ОТГРЫЗТЬ	106876-V	ВЫСКАЗАТЬ
ОТГРЫЗТЬ	116816-V	ОБРАТИТЬСЯ СО СЛОВАМИ
ОТГРЫЗТЬ	106884-V	СЧИТАТЬ, ПРИЗНАВАТЬ КЕМ-ЛИБО
ОТКАШЛЯТЬСЯ	106876-V	ВЫСКАЗАТЬ
ОТКАШЛЯТЬСЯ	116816-V	ОБРАТИТЬСЯ СО СЛОВАМИ
ОТКАШЛЯТЬСЯ	120015-V	ВЫЗВАТЬ (ПОТРЕБОВАТЬ ЯВИТЬСЯ)
ОТКАШЛЯТЬСЯ	116009-V	ЗАПРЕТИТЬ (НЕ ПОЗВОЛИТЬ)
ОТКАШЛЯТЬСЯ	118698-V	ДЕЙСТВИЕ, ЦЕЛЕНАПРАВЛЕННОЕ ДЕЙСТВИЕ
ОТКАШЛЯТЬСЯ	117028-V	ДОГАДАТЬСЯ
ОТКАШЛЯТЬСЯ	129792-V	ВОЗЛОЖИТЬ ОТВЕТСТВЕННОСТЬ
ОТКАШЛЯТЬСЯ	113462-V	ПОЧТЕНИЕ
ОТКАШЛЯТЬСЯ	111625-V	ЧЕРТИТЬ, ДЕЛАТЬ ЧЕРТЕЖ
ОТКАШЛЯТЬСЯ	129183-V	РАССУЖДАТЬ (МЫСЛИТЬ, СТРОИТЬ УМОЗАКЛЮЧЕНИЕ)
ОТПОЛЗТИ	106876-V	ВЫСКАЗАТЬ
ОТПОЛЗТИ	116816-V	ОБРАТИТЬСЯ СО СЛОВАМИ
ОТПОЛЗТИ	129183-V	РАССУЖДАТЬ (МЫСЛИТЬ, СТРОИТЬ УМОЗАКЛЮЧЕНИЕ)
ОТПОЛЗТИ	130887-V	ВЫВЕСТИ, СДЕЛАТЬ ВЫВОД
ОТПОЛЗТИ	106501-V	ЗАНЯТИЕ, ДЕЯТЕЛЬНОСТЬ
ОТПОЛЗТИ	272-V	ДИСКРИМИНАЦИЯ
ОТПОЛЗТИ	106961-V	СОРЕВНОВАНИЕ, СОСТЯЗАНИЕ
ОТПОЛЗТИ	118698-V	ДЕЙСТВИЕ, ЦЕЛЕНАПРАВЛЕННОЕ ДЕЙСТВИЕ
ОТПОЛЗТИ	114032-V	ТОСКА (ГРУСТЬ, УНЫНИЕ)
ОТПОЛЗТИ	112585-V	МЕТАТЬ, БРОСАТЬ С РАЗМАХОМ
ОТРЕКОНСТРУИРОВАТЬ	106876-V	ВЫСКАЗАТЬ
ОТРЕКОНСТРУИРОВАТЬ	116816-V	ОБРАТИТЬСЯ СО СЛОВАМИ
ОТРЕКОНСТРУИРОВАТЬ	121163-V	ПРИЙТИ (ДОСТИГНУТЬ ПОСЛЕ К-Л. ДЕЙСТВИЙ)
ОТРЕКОНСТРУИРОВАТЬ	111735-V	ВЫЧИСЛИТЬ, ИСЧИСЛИТЬ
ОТРЕКОНСТРУИРОВАТЬ	117028-V	ДОГАДАТЬСЯ
ОТРЕКОНСТРУИРОВАТЬ	106467-V	МЫСЛИТЕЛЬНЫЙ ПРОЦЕСС
ОТРЕКОНСТРУИРОВАТЬ	120821-V	СНЕСТИ, ОТНЕСТИ ВНИЗ
ОТРЕКОНСТРУИРОВАТЬ	121019-V	УВЛЕЧЬ ВЕТРОМ, ТЕЧЕНИЕМ
ОТРЕКОНСТРУИРОВАТЬ	106638-V	УМЕНЬШИТЬ
ОТРЕКОНСТРУИРОВАТЬ	111641-V	КИНОФОТОСЪЕМКА
ОТСЫРЕТЬ	129183-V	РАССУЖДАТЬ (МЫСЛИТЬ, СТРОИТЬ УМОЗАКЛЮЧЕНИЕ)
ОТСЫРЕТЬ	130887-V	ВЫВЕСТИ, СДЕЛАТЬ ВЫВОД
ОТСЫРЕТЬ	112585-V	МЕТАТЬ, БРОСАТЬ С РАЗМАХОМ
ОТСЫРЕТЬ	114364-V	ЛОВЛЯ ДОБЫЧИ
ОТСЫРЕТЬ	3447-V	ОХОТА
ОТСЫРЕТЬ	106876-V	ВЫСКАЗАТЬ
ОТСЫРЕТЬ	116816-V	ОБРАТИТЬСЯ СО СЛОВАМИ
ОТСЫРЕТЬ	116009-V	ЗАПРЕТИТЬ (НЕ ПОЗВОЛИТЬ)
ОТСЫРЕТЬ	118698-V	ДЕЙСТВИЕ, ЦЕЛЕНАПРАВЛЕННОЕ ДЕЙСТВИЕ
ОТСЫРЕТЬ	106961-V	СОРЕВНОВАНИЕ, СОСТЯЗАНИЕ
ОТЦВЕСТИ	129183-V	РАССУЖДАТЬ (МЫСЛИТЬ, СТРОИТЬ УМОЗАКЛЮЧЕНИЕ)
ОТЦВЕСТИ	130887-V	ВЫВЕСТИ, СДЕЛАТЬ ВЫВОД
ОТЦВЕСТИ	106876-V	ВЫСКАЗАТЬ
ОТЦВЕСТИ	116816-V	ОБРАТИТЬСЯ СО СЛОВАМИ
ОТЦВЕСТИ	112585-V	МЕТАТЬ, БРОСАТЬ С РАЗМАХОМ
ОТЦВЕСТИ	114364-V	ЛОВЛЯ ДОБЫЧИ
ОТЦВЕСТИ	3447-V	ОХОТА
ОТЦВЕСТИ	116009-V	ЗАПРЕТИТЬ (НЕ ПОЗВОЛИТЬ)
ОТЦВЕСТИ	118698-V	ДЕЙСТВИЕ, ЦЕЛЕНАПРАВЛЕННОЕ ДЕЙСТВИЕ
ОТЦВЕСТИ	111978-V	ПРИБЛИЗИТЬСЯ НА РАССТОЯНИЕ
ОТЯГЧАТЬ	120015-V	ВЫЗВАТЬ (ПОТРЕБОВАТЬ ЯВИТЬСЯ)
ОТЯГЧАТЬ	129183-V	РАССУЖДАТЬ (МЫСЛИТЬ, СТРОИТЬ УМОЗАКЛЮЧЕНИЕ)
ОТЯГЧАТЬ	130887-V	ВЫВЕСТИ, СДЕЛАТЬ ВЫВОД
ОТЯГЧАТЬ	112585-V	МЕТАТЬ, БРОСАТЬ С РАЗМАХОМ
ОТЯГЧАТЬ	114364-V	ЛОВЛЯ ДОБЫЧИ
ОТЯГЧАТЬ	3447-V	ОХОТА
ОТЯГЧАТЬ	106646-V	ОТНОШЕНИЕ МЕЖДУ СУЩНОСТЯМИ
ОТЯГЧАТЬ	106884-V	СЧИТАТЬ, ПРИЗНАВАТЬ КЕМ-ЛИБО
ОТЯГЧАТЬ	115486-V	ВКЛЮЧИТЬ В СОСТАВ
ОТЯГЧАТЬ	107441-V	НАЧАТЬ, ПРИСТУПИТЬ, ПРИНЯТЬСЯ
ОЧЕЛОВЕЧИВАТЬ	106876-V	ВЫСКАЗАТЬ
ОЧЕЛОВЕЧИВАТЬ	116816-V	ОБРАТИТЬСЯ СО СЛОВАМИ
ОЧЕЛОВЕЧИВАТЬ	117028-V	ДОГАДАТЬСЯ
ОЧЕЛОВЕЧИВАТЬ	121163-V	ПРИЙТИ (ДОСТИГНУТЬ ПОСЛЕ К-Л. ДЕЙСТВИЙ)
ОЧЕЛОВЕЧИВАТЬ	106638-V	УМЕНЬШИТЬ
ОЧЕЛОВЕЧИВАТЬ	111735-V	ВЫЧИСЛИТЬ, ИСЧИСЛИТЬ
ОЧЕЛОВЕЧИВАТЬ	106884-V	СЧИТАТЬ, ПРИЗНАВАТЬ КЕМ-ЛИБО
ОЧЕЛОВЕЧИВАТЬ	115486-V	ВКЛЮЧИТЬ В СОСТАВ
ОЧЕЛОВЕЧИВАТЬ	106467-V	МЫСЛИТЕЛЬНЫЙ ПРОЦЕСС
ОЧЕЛОВЕЧИВАТЬ	106961-V	СОРЕВНОВАНИЕ, СОСТЯЗАНИЕ
ОЩЕНИТЬСЯ	106876-V	ВЫСКАЗАТЬ
ОЩЕНИТЬСЯ	116816-V	ОБРАТИТЬСЯ СО СЛОВАМИ
ОЩЕНИТЬСЯ	120015-V	ВЫЗВАТЬ (ПОТРЕБОВАТЬ ЯВИТЬСЯ)
ОЩЕНИТЬСЯ	129183-V	РАССУЖДАТЬ (МЫСЛИТЬ, СТРОИТЬ УМОЗАКЛЮЧЕНИЕ)
ОЩЕНИТЬСЯ	130887-V	ВЫВЕСТИ, СДЕЛАТЬ ВЫВОД
ОЩЕНИТЬСЯ	111978-V	ПРИБЛИЗИТЬСЯ НА РАССТОЯНИЕ
ОЩЕНИТЬСЯ	106646-V	ОТНОШЕНИЕ МЕЖДУ СУЩНОСТЯМИ
ОЩЕНИТЬСЯ	116526-V	ОТВЕЧАТЬ, НЕСТИ ОТВЕТСТВЕННОСТЬ
ОЩЕНИТЬСЯ	1221-V	ПРОИЗВОДСТВО ПРОДУКЦИИ
ОЩЕНИТЬСЯ	5967-V	КИНОСЪЕМКА
ПАНИРОВАТЬ	114032-V	ТОСКА (ГРУСТЬ, УНЫНИЕ)
ПАНИРОВАТЬ	106961-V	СОРЕВНОВАНИЕ, СОСТЯЗАНИЕ
ПАНИРОВАТЬ	118698-V	ДЕЙСТВИЕ, ЦЕЛЕНАПРАВЛЕННОЕ ДЕЙСТВИЕ
ПАНИРОВАТЬ	106876-V	ВЫСКАЗАТЬ
ПАНИРОВАТЬ	116816-V	ОБРАТИТЬСЯ СО СЛОВАМИ
ПАНИРОВАТЬ	116009-V	ЗАПРЕТИТЬ (НЕ ПОЗВОЛИТЬ)
ПАНИРОВАТЬ	118698-V	ДЕЙСТВИЕ, ЦЕЛЕНАПРАВЛЕННОЕ ДЕЙСТВИЕ
ПАНИРОВАТЬ	111978-V	ПРИБЛИЗИТЬСЯ НА РАССТОЯНИЕ
ПАНИРОВАТЬ	121163-V	ПРИЙТИ (ДОСТИГНУТЬ ПОСЛЕ К-Л. ДЕЙСТВИЙ)
ПАНИРОВАТЬ	129183-V	РАССУЖДАТЬ (МЫСЛИТЬ, СТРОИТЬ УМОЗАКЛЮЧЕНИЕ)
ПЕЛЕНАТЬ	114032-V	ТОСКА (ГРУСТЬ, УНЫНИЕ)
ПЕЛЕНАТЬ	106961-V	СОРЕВНОВАНИЕ, СОСТЯЗАНИЕ
ПЕЛЕНАТЬ	118698-V	ДЕЙСТВИЕ, ЦЕЛЕНАПРАВЛЕННОЕ ДЕЙСТВИЕ
ПЕЛЕНАТЬ	106876-V	ВЫСКАЗАТЬ
ПЕЛЕНАТЬ	116816-V	ОБРАТИТЬСЯ СО СЛОВАМИ
ПЕЛЕНАТЬ	116009-V	ЗАПРЕТИТЬ (НЕ ПОЗВОЛИТЬ)
ПЕЛЕНАТЬ	118698-V	ДЕЙСТВИЕ, ЦЕЛЕНАПРАВЛЕННОЕ ДЕЙСТВИЕ
ПЕЛЕНАТЬ	112585-V	МЕТАТЬ, БРОСАТЬ С РАЗМАХОМ
ПЕЛЕНАТЬ	114364-V	ЛОВЛЯ ДОБЫЧИ
ПЕЛЕНАТЬ	3447-V	ОХОТА
ПЕРЕДАВИТЬ	106876-V	ВЫСКАЗАТЬ
ПЕРЕДАВИТЬ	116816-V	ОБРАТИТЬСЯ СО СЛОВАМИ
ПЕРЕДАВИТЬ	116009-V	ЗАПРЕТИТЬ (НЕ ПОЗВОЛИТЬ)
ПЕРЕДАВИТЬ	118698-V	ДЕЙСТВИЕ, ЦЕЛЕНАПРАВЛЕННОЕ ДЕЙСТВИЕ
ПЕРЕДАВИТЬ	121163-V	ПРИЙТИ (ДОСТИГНУТЬ ПОСЛЕ К-Л. ДЕЙСТВИЙ)
ПЕРЕДАВИТЬ	106501-V	ЗАНЯТИЕ, ДЕЯТЕЛЬНОСТЬ
ПЕРЕДАВИТЬ	272-V	ДИСКРИМИНАЦИЯ
ПЕРЕДАВИТЬ	106638-V	УМЕНЬШИТЬ
ПЕРЕДАВИТЬ	114032-V	ТОСКА (ГРУСТЬ, УНЫНИЕ)
ПЕРЕДАВИТЬ	106961-V	СОРЕВНОВАНИЕ, СОСТЯЗАНИЕ
ПЕРЕЖИМАТЬ	106876-V	ВЫСКАЗАТЬ
ПЕРЕЖИМАТЬ	116816-V	ОБРАТИТЬСЯ СО СЛОВАМИ
ПЕРЕЖИМАТЬ	114032-V	ТОСКА (ГРУСТЬ, УНЫНИЕ)
ПЕРЕЖИМАТЬ	106961-V	СОРЕВНОВАНИЕ, СОСТЯЗАНИЕ
ПЕРЕЖИМАТЬ	118698-V	ДЕЙСТВИЕ, ЦЕЛЕНАПРАВЛЕННОЕ ДЕЙСТВИЕ
ПЕРЕЖИМАТЬ	111641-V	КИНОФОТОСЪЕМКА
ПЕРЕЖИМАТЬ	142434-V	ПОСТАНОВКА ФИЛЬМА, ПРЕДСТАВЛЕНИЯ
ПЕРЕЖИМАТЬ	116009-V	ЗАПРЕТИТЬ (НЕ ПОЗВОЛИТЬ)
ПЕРЕЖИМАТЬ	118698-V	ДЕЙСТВИЕ, ЦЕЛЕНАПРАВЛЕННОЕ ДЕЙСТВИЕ
ПЕРЕЖИМАТЬ	106501-V	ЗАНЯТИЕ, ДЕЯТЕЛЬНОСТЬ
ПЕРЕКОВАТЬ	106876-V	ВЫСКАЗАТЬ
ПЕРЕКОВАТЬ	116816-V	ОБРАТИТЬСЯ СО СЛОВАМИ
ПЕРЕКОВАТЬ	116009-V	ЗАПРЕТИТЬ (НЕ ПОЗВОЛИТЬ)
ПЕРЕКОВАТЬ	118698-V	ДЕЙСТВИЕ, ЦЕЛЕНАПРАВЛЕННОЕ ДЕЙСТВИЕ
ПЕРЕКОВАТЬ	121163-V	ПРИЙТИ (ДОСТИГНУТЬ ПОСЛЕ К-Л. ДЕЙСТВИЙ)
ПЕРЕКОВАТЬ	106961-V	СОРЕВНОВАНИЕ, СОСТЯЗАНИЕ
ПЕРЕКОВАТЬ	118698-V	ДЕЙСТВИЕ, ЦЕЛЕНАПРАВЛЕННОЕ ДЕЙСТВИЕ
ПЕРЕКОВАТЬ	106501-V	ЗАНЯТИЕ, ДЕЯТЕЛЬНОСТЬ
ПЕРЕКОВАТЬ	272-V	ДИСКРИМИНАЦИЯ
ПЕРЕКОВАТЬ	117028-V	ДОГАДАТЬСЯ
ПЕРЕЛИЦЕВАТЬ	106876-V	ВЫСКАЗАТЬ
ПЕРЕЛИЦЕВАТЬ	116816-V	ОБРАТИТЬСЯ СО СЛОВАМИ
ПЕРЕЛИЦЕВАТЬ	121163-V	ПРИЙТИ (ДОСТИГНУТЬ ПОСЛЕ К-Л. ДЕЙСТВИЙ)
ПЕРЕЛИЦЕВАТЬ	114396-V	ОБРАЩАТЬСЯ (ПОЛЬЗОВАТЬСЯ, ПРИМЕНЯТЬ)
ПЕРЕЛИЦЕВАТЬ	111641-V	КИНОФОТОСЪЕМКА
ПЕРЕЛИЦЕВАТЬ	116009-V	ЗАПРЕТИТЬ (НЕ ПОЗВОЛИТЬ)
ПЕРЕЛИЦЕВАТЬ	118698-V	ДЕЙСТВИЕ, ЦЕЛЕНАПРАВЛЕННОЕ ДЕЙСТВИЕ
ПЕРЕЛИЦЕВАТЬ	106961-V	СОРЕВНОВАНИЕ, СОСТЯЗАНИЕ
ПЕРЕЛИЦЕВАТЬ	118698-V	ДЕЙСТВИЕ, ЦЕЛЕНАПРАВЛЕННОЕ ДЕЙСТВИЕ
ПЕРЕЛИЦЕВАТЬ	142434-V	ПОСТАНОВКА ФИЛЬМА, ПРЕДСТАВЛЕНИЯ
ПЕРЕПОСТИТЬ	106876-V	ВЫСКАЗАТЬ
ПЕРЕПОСТИТЬ	116816-V	ОБРАТИТЬСЯ СО СЛОВАМИ
ПЕРЕПОСТИТЬ	121163-V	ПРИЙТИ (ДОСТИГНУТЬ ПОСЛЕ К-Л. ДЕЙСТВИЙ)
ПЕРЕПОСТИТЬ	116009-V	ЗАПРЕТИТЬ (НЕ ПОЗВОЛИТЬ)
ПЕРЕПОСТИТЬ	118698-V	ДЕЙСТВИЕ, ЦЕЛЕНАПРАВЛЕННОЕ ДЕЙСТВИЕ
ПЕРЕПОСТИТЬ	106501-V	ЗАНЯТИЕ, ДЕЯТЕЛЬНОСТЬ
ПЕРЕПОСТИТЬ	272-V	ДИСКРИМИНАЦИЯ
ПЕРЕПОСТИТЬ	114032-V	ТОСКА (ГРУСТЬ, УНЫНИЕ)
ПЕРЕПОСТИТЬ	111641-V	КИНОФОТОСЪЕМКА
ПЕРЕПОСТИТЬ	111978-V	ПРИБЛИЗИТЬСЯ НА РАССТОЯНИЕ
ПЕРЕСПОРИТЬ	106876-V	ВЫСКАЗАТЬ
ПЕРЕСПОРИТЬ	116816-V	ОБРАТИТЬСЯ СО СЛОВАМИ
ПЕРЕСПОРИТЬ	121163-V	ПРИЙТИ (ДОСТИГНУТЬ ПОСЛЕ К-Л. ДЕЙСТВИЙ)
ПЕРЕСПОРИТЬ	106961-V	СОРЕВНОВАНИЕ, СОСТЯЗАНИЕ
ПЕРЕСПОРИТЬ	118698-V	ДЕЙСТВИЕ, ЦЕЛЕНАПРАВЛЕННОЕ ДЕЙСТВИЕ
ПЕРЕСПОРИТЬ	106501-V	ЗАНЯТИЕ, ДЕЯТЕЛЬНОСТЬ
ПЕРЕСПОРИТЬ	272-V	ДИСКРИМИНАЦИЯ
ПЕРЕСПОРИТЬ	116009-V	ЗАПРЕТИТЬ (НЕ ПОЗВОЛИТЬ)
ПЕРЕСПОРИТЬ	118698-V	ДЕЙСТВИЕ, ЦЕЛЕНАПРАВЛЕННОЕ ДЕЙСТВИЕ
ПЕРЕСПОРИТЬ	111641-V	КИНОФОТОСЪЕМКА
ПЕРЕУСТРАИВАТЬ	106876-V	ВЫСКАЗАТЬ
ПЕРЕУСТРАИВАТЬ	116816-V	ОБРАТИТЬСЯ СО СЛОВАМИ
ПЕРЕУСТРАИВАТЬ	121163-V	ПРИЙТИ (ДОСТИГНУТЬ ПОСЛЕ К-Л. ДЕЙСТВИЙ)
ПЕРЕУСТРАИВАТЬ	116009-V	ЗАПРЕТИТЬ (НЕ ПОЗВОЛИТЬ)
ПЕРЕУСТРАИВАТЬ	118698-V	ДЕЙСТВИЕ, ЦЕЛЕНАПРАВЛЕННОЕ ДЕЙСТВИЕ
ПЕРЕУСТРАИВАТЬ	117028-V	ДОГАДАТЬСЯ
ПЕРЕУСТРАИВАТЬ	111735-V	ВЫЧИСЛИТЬ, ИСЧИСЛИТЬ
ПЕРЕУСТРАИВАТЬ	111641-V	КИНОФОТОСЪЕМКА
ПЕРЕУСТРАИВАТЬ	106638-V	УМЕНЬШИТЬ
ПЕРЕУСТРАИВАТЬ	114396-V	ОБРАЩАТЬСЯ (ПОЛЬЗОВАТЬСЯ, ПРИМЕНЯТЬ)
ПИКАТЬ	116009-V	ЗАПРЕТИТЬ (НЕ ПОЗВОЛИТЬ)
ПИКАТЬ	118698-V	ДЕЙСТВИЕ, ЦЕЛЕНАПРАВЛЕННОЕ ДЕЙСТВИЕ
ПИКАТЬ	106646-V	ОТНОШЕНИЕ МЕЖДУ СУЩНОСТЯМИ
ПИКАТЬ	129183-V	РАССУЖДАТЬ (МЫСЛИТЬ, СТРОИТЬ УМОЗАКЛЮЧЕНИЕ)
ПИКАТЬ	130887-V	ВЫВЕСТИ, СДЕЛАТЬ ВЫВОД
ПИКАТЬ	112585-V	МЕТАТЬ, БРОСАТЬ С РАЗМАХОМ
ПИКАТЬ	114364-V	ЛОВЛЯ ДОБЫЧИ
ПИКАТЬ	3447-V	ОХОТА
ПИКАТЬ	106884-V	СЧИТАТЬ, ПРИЗНАВАТЬ КЕМ-ЛИБО
ПИКАТЬ	115486-V	ВКЛЮЧИТЬ В СОСТАВ
ПОДГОРАТЬ	111978-V	ПРИБЛИЗИТЬСЯ НА РАССТОЯНИЕ
ПОДГОРАТЬ	106876-V	ВЫСКАЗАТЬ
ПОДГОРАТЬ	116816-V	ОБРАТИТЬСЯ СО СЛОВАМИ
ПОДГОРАТЬ	116009-V	ЗАПРЕТИТЬ (НЕ ПОЗВОЛИТЬ)
ПОДГОРАТЬ	118698-V	ДЕЙСТВИЕ, ЦЕЛЕНАПРАВЛЕННОЕ ДЕЙСТВИЕ
ПОДГОРАТЬ	106501-V	ЗАНЯТИЕ, ДЕЯТЕЛЬНОСТЬ
ПОДГОРАТЬ	272-V	ДИСКРИМИНАЦИЯ
ПОДГОРАТЬ	106961-V	СОРЕВНОВАНИЕ, СОСТЯЗАНИЕ
ПОДГОРАТЬ	118698-V	ДЕЙСТВИЕ, ЦЕЛЕНАПРАВЛЕННОЕ ДЕЙСТВИЕ
ПОДГОРАТЬ	114032-V	ТОСКА (ГРУСТЬ, УНЫНИЕ)
ПОДЛЕЗТЬ	106876-V	ВЫСКАЗАТЬ
ПОДЛЕЗТЬ	116816-V	ОБРАТИТЬСЯ СО СЛОВАМИ
ПОДЛЕЗТЬ	106961-V	СОРЕВНОВАНИЕ, СОСТЯЗАНИЕ
ПОДЛЕЗТЬ	118698-V	ДЕЙСТВИЕ, ЦЕЛЕНАПРАВЛЕННОЕ ДЕЙСТВИЕ
ПОДЛЕЗТЬ	114032-V	ТОСКА (ГРУСТЬ, УНЫНИЕ)
ПОДЛЕЗТЬ	142434-V	ПОСТАНОВКА ФИЛЬМА, ПРЕДСТАВЛЕНИЯ
ПОДЛЕЗТЬ	116009-V	ЗАПРЕТИТЬ (НЕ ПОЗВОЛИТЬ)
ПОДЛЕЗТЬ	118698-V	ДЕЙСТВИЕ, ЦЕЛЕНАПРАВЛЕННОЕ ДЕЙСТВИЕ
ПОДЛЕЗТЬ	111978-V	ПРИБЛИЗИТЬСЯ НА РАССТОЯНИЕ
ПОДЛЕЗТЬ	106501-V	ЗАНЯТИЕ, ДЕЯТЕЛЬНОСТЬ
ПОДНЫРНУТЬ	106876-V	ВЫСКАЗАТЬ
ПОДНЫРНУТЬ	116816-V	ОБРАТИТЬСЯ СО СЛОВАМИ
ПОДНЫРНУТЬ	111978-V	ПРИБЛИЗИТЬСЯ НА РАССТОЯНИЕ
ПОДНЫРНУТЬ	106961-V	СОРЕВНОВАНИЕ, СОСТЯЗАНИЕ
ПОДНЫРНУТЬ	118698-V	ДЕЙСТВИЕ, ЦЕЛЕНАПРАВЛЕННОЕ ДЕЙСТВИЕ
ПОДНЫРНУТЬ	129183-V	РАССУЖДАТЬ (МЫСЛИТЬ, СТРОИТЬ УМОЗАКЛЮЧЕНИЕ)
ПОДНЫРНУТЬ	130887-V	ВЫВЕСТИ, СДЕЛАТЬ ВЫВОД
ПОДНЫРНУТЬ	116009-V	ЗАПРЕТИТЬ (НЕ ПОЗВОЛИТЬ)
ПОДНЫРНУТЬ	118698-V	ДЕЙСТВИЕ, ЦЕЛЕНАПРАВЛЕННОЕ ДЕЙСТВИЕ
ПОДНЫРНУТЬ	106638-V	УМЕНЬШИТЬ
ПОДРАЗДЕЛЯТЬСЯ	106876-V	ВЫСКАЗАТЬ
ПОДРАЗДЕЛЯТЬСЯ	116816-V	ОБРАТИТЬСЯ СО СЛОВАМИ
ПОДРАЗДЕЛЯТЬСЯ	121163-V	ПРИЙТИ (ДОСТИГНУТЬ ПОСЛЕ К-Л. ДЕЙСТВИЙ)
ПОДРАЗДЕЛЯТЬСЯ	129792-V	ВОЗЛОЖИТЬ ОТВЕТСТВЕННОСТЬ
ПОДРАЗДЕЛЯТЬСЯ	117028-V	ДОГАДАТЬСЯ
ПОДРАЗДЕЛЯТЬСЯ	116820-V	ОБЯЗАТЬ, НАЛОЖИТЬ ОБЯЗАННОСТЬ
ПОДРАЗДЕЛЯТЬСЯ	121095-V	ЗАДАТЬ, ДАТЬ ЗАДАНИЕ
ПОДРАЗДЕЛЯТЬСЯ	111641-V	КИНОФОТОСЪЕМКА
ПОДРАЗДЕЛЯТЬСЯ	114396-V	ОБРАЩАТЬСЯ (ПОЛЬЗОВАТЬСЯ, ПРИМЕНЯТЬ)
ПОДРАЗДЕЛЯТЬСЯ	106638-V	УМЕНЬШИТЬ
ПОДСЕКАТЬ	106876-V	ВЫСКАЗАТЬ
ПОДСЕКАТЬ	116816-V	ОБРАТИТЬСЯ СО СЛОВАМИ
ПОДСЕКАТЬ	116009-V	ЗАПРЕТИТЬ (НЕ ПОЗВОЛИТЬ)
ПОДСЕКАТЬ	118698-V	ДЕЙСТВИЕ, ЦЕЛЕНАПРАВЛЕННОЕ ДЕЙСТВИЕ
ПОДСЕКАТЬ	111978-V	ПРИБЛИЗИТЬСЯ НА РАССТОЯНИЕ
ПОДСЕКАТЬ	106501-V	ЗАНЯТИЕ, ДЕЯТЕЛЬНОСТЬ
ПОДСЕКАТЬ	272-V	ДИСКРИМИНАЦИЯ
ПОДСЕКАТЬ	106961-V	СОРЕВНОВАНИЕ, СОСТЯЗАНИЕ
ПОДСЕКАТЬ	118698-V	ДЕЙСТВИЕ, ЦЕЛЕНАПРАВЛЕННОЕ ДЕЙСТВИЕ
ПОДСЕКАТЬ	113462-V	ПОЧТЕНИЕ
ПОДУЧИТЬСЯ	106876-V	ВЫСКАЗАТЬ
ПОДУЧИТЬСЯ	116816-V	ОБРАТИТЬСЯ СО СЛОВАМИ
ПОДУЧИТЬСЯ	117028-V	ДОГАДАТЬСЯ
ПОДУЧИТЬСЯ	120015-V	ВЫЗВАТЬ (ПОТРЕБОВАТЬ ЯВИТЬСЯ)
ПОДУЧИТЬСЯ	111978-V	ПРИБЛИЗИТЬСЯ НА РАССТОЯНИЕ
ПОДУЧИТЬСЯ	114108-V	ПЕЧАТАТЬ (ВОСПРОИЗВОДИТЬ)
ПОДУЧИТЬСЯ	144051-V	ИЗДАТЕЛЬСКАЯ ДЕЯТЕЛЬНОСТЬ
ПОДУЧИТЬСЯ	116009-V	ЗАПРЕТИТЬ (НЕ ПОЗВОЛИТЬ)
ПОДУЧИТЬСЯ	118698-V	ДЕЙСТВИЕ, ЦЕЛЕНАПРАВЛЕННОЕ ДЕЙСТВИЕ
ПОДУЧИТЬСЯ	111625-V	ЧЕРТИТЬ, ДЕЛАТЬ ЧЕРТЕЖ
ПОЛУЛЕЖАТЬ	106876-V	ВЫСКАЗАТЬ
ПОЛУЛЕЖАТЬ	116816-V	ОБРАТИТЬСЯ СО СЛОВАМИ
ПОЛУЛЕЖАТЬ	116009-V	ЗАПРЕТИТЬ (НЕ ПОЗВОЛИТЬ)
ПОЛУЛЕЖАТЬ	118698-V	ДЕЙСТВИЕ, ЦЕЛЕНАПРАВЛЕННОЕ ДЕЙСТВИЕ
ПОЛУЛЕЖАТЬ	114032-V	ТОСКА (ГРУСТЬ, УНЫНИЕ)
ПОЛУЛЕЖАТЬ	121163-V	ПРИЙТИ (ДОСТИГНУТЬ ПОСЛЕ К-Л. ДЕЙСТВИЙ)
ПОЛУЛЕЖАТЬ	142434-V	ПОСТАНОВКА ФИЛЬМА, ПРЕДСТАВЛЕНИЯ
ПОЛУЛЕЖАТЬ	106961-V	СОРЕВНОВАНИЕ, СОСТЯЗАНИЕ
ПОЛУЛЕЖАТЬ	118698-V	ДЕЙСТВИЕ, ЦЕЛЕНАПРАВЛЕННОЕ ДЕЙСТВИЕ
ПОЛУЛЕЖАТЬ	114396-V	ОБРАЩАТЬСЯ (ПОЛЬЗОВАТЬСЯ, ПРИМЕНЯТЬ)
ПОХМЕЛИТЬСЯ	106876-V	ВЫСКАЗАТЬ
ПОХМЕЛИТЬСЯ	116816-V	ОБРАТИТЬСЯ СО СЛОВАМИ
ПОХМЕЛИТЬСЯ	121163-V	ПРИЙТИ (ДОСТИГНУТЬ ПОСЛЕ К-Л. ДЕЙСТВИЙ)
ПОХМЕЛИТЬСЯ	117028-V	ДОГАДАТЬСЯ
ПОХМЕЛИТЬСЯ	111625-V	ЧЕРТИТЬ, ДЕЛАТЬ ЧЕРТЕЖ
ПОХМЕЛИТЬСЯ	129792-V	ВОЗЛОЖИТЬ ОТВЕТСТВЕННОСТЬ
ПОХМЕЛИТЬСЯ	120015-V	ВЫЗВАТЬ (ПОТРЕБОВАТЬ ЯВИТЬСЯ)
ПОХМЕЛИТЬСЯ	111978-V	ПРИБЛИЗИТЬСЯ НА РАССТОЯНИЕ
ПОХМЕЛИТЬСЯ	116009-V	ЗАПРЕТИТЬ (НЕ ПОЗВОЛИТЬ)
ПОХМЕЛИТЬСЯ	118698-V	ДЕЙСТВИЕ, ЦЕЛЕНАПРАВЛЕННОЕ ДЕЙСТВИЕ
ПРИВОДНИТЬСЯ	106876-V	ВЫСКАЗАТЬ
ПРИВОДНИТЬСЯ	116816-V	ОБРАТИТЬСЯ СО СЛОВАМИ
ПРИВОДНИТЬСЯ	117028-V	ДОГАДАТЬСЯ
ПРИВОДНИТЬСЯ	121163-V	ПРИЙТИ (ДОСТИГНУТЬ ПОСЛЕ К-Л. ДЕЙСТВИЙ)
ПРИВОДНИТЬСЯ	111978-V	ПРИБЛИЗИТЬСЯ НА РАССТОЯНИЕ
ПРИВОДНИТЬСЯ	114108-V	ПЕЧАТАТЬ (ВОСПРОИЗВОДИТЬ)
ПРИВОДНИТЬСЯ	144051-V	ИЗДАТЕЛЬСКАЯ ДЕЯТЕЛЬНОСТЬ
ПРИВОДНИТЬСЯ	116820-V	ОБЯЗАТЬ, НАЛОЖИТЬ ОБЯЗАННОСТЬ
ПРИВОДНИТЬСЯ	121095-V	ЗАДАТЬ, ДАТЬ ЗАДАНИЕ
ПРИВОДНИТЬСЯ	111641-V	КИНОФОТОСЪЕМКА
ПРИГНУТЬ	106961-V	СОРЕВНОВАНИЕ, СОСТЯЗАНИЕ
ПРИГНУТЬ	118698-V	ДЕЙСТВИЕ, ЦЕЛЕНАПРАВЛЕННОЕ ДЕЙСТВИЕ
ПРИГНУТЬ	111978-V	ПРИБЛИЗИТЬСЯ НА РАССТОЯНИЕ
ПРИГНУТЬ	112585-V	МЕТАТЬ, БРОСАТЬ С РАЗМАХОМ
ПРИГНУТЬ	114364-V	ЛОВЛЯ ДОБЫЧИ
ПРИГНУТЬ	3447-V	ОХОТА
ПРИГНУТЬ	129183-V	РАССУЖДАТЬ (МЫСЛИТЬ, СТРОИТЬ УМОЗАКЛЮЧЕНИЕ)
ПРИГНУТЬ	130887-V	ВЫВЕСТИ, СДЕЛАТЬ ВЫВОД
ПРИГНУТЬ	106876-V	ВЫСКАЗАТЬ
ПРИГНУТЬ	116816-V	ОБРАТИТЬСЯ СО СЛОВАМИ
ПРИДУРИВАТЬСЯ	106876-V	ВЫСКАЗАТЬ
ПРИДУРИВАТЬСЯ	116816-V	ОБРАТИТЬСЯ СО СЛОВАМИ
ПРИДУРИВАТЬСЯ	117028-V	ДОГАДАТЬСЯ
ПРИДУРИВАТЬСЯ	121163-V	ПРИЙТИ (ДОСТИГНУТЬ ПОСЛЕ К-Л. ДЕЙСТВИЙ)
ПРИДУРИВАТЬСЯ	111641-V	КИНОФОТОСЪЕМКА
ПРИДУРИВАТЬСЯ	107094-V	ПРОИЗНЕСТИ, ВЫГОВОРИТЬ, ПРОГОВОРИТЬ
ПРИДУРИВАТЬСЯ	111978-V	ПРИБЛИЗИТЬСЯ НА РАССТОЯНИЕ
ПРИДУРИВАТЬСЯ	116009-V	ЗАПРЕТИТЬ (НЕ ПОЗВОЛИТЬ)
ПРИДУРИВАТЬСЯ	118698-V	ДЕЙСТВИЕ, ЦЕЛЕНАПРАВЛЕННОЕ ДЕЙСТВИЕ
ПРИДУРИВАТЬСЯ	129792-V	ВОЗЛОЖИТЬ ОТВЕТСТВЕННОСТЬ
ПРИКОРНУТЬ	117028-V	ДОГАДАТЬСЯ
ПРИКОРНУТЬ	106961-V	СОРЕВНОВАНИЕ, СОСТЯЗАНИЕ
ПРИКОРНУТЬ	118698-V	ДЕЙСТВИЕ, ЦЕЛЕНАПРАВЛЕННОЕ ДЕЙСТВИЕ
ПРИКОРНУТЬ	106876-V	ВЫСКАЗАТЬ
ПРИКОРНУТЬ	116816-V	ОБРАТИТЬСЯ СО СЛОВАМИ
ПРИКОРНУТЬ	116009-V	ЗАПРЕТИТЬ (НЕ ПОЗВОЛИТЬ)
ПРИКОРНУТЬ	118698-V	ДЕЙСТВИЕ, ЦЕЛЕНАПРАВЛЕННОЕ ДЕЙСТВИЕ
ПРИКОРНУТЬ	111978-V	ПРИБЛИЗИТЬСЯ НА РАССТОЯНИЕ
ПРИКОРНУТЬ	142434-V	ПОСТАНОВКА ФИЛЬМА, ПРЕДСТАВЛЕНИЯ
ПРИКОРНУТЬ	111641-V	КИНОФОТОСЪЕМКА
ПРИМОСТИТЬСЯ	106876-V	ВЫСКАЗАТЬ
ПРИМОСТИТЬСЯ	116816-V	ОБРАТИТЬСЯ СО СЛОВАМИ
ПРИМОСТИТЬСЯ	117028-V	ДОГАДАТЬСЯ
ПРИМОСТИТЬСЯ	120015-V	ВЫЗВАТЬ (ПОТРЕБОВАТЬ ЯВИТЬСЯ)
ПРИМОСТИТЬСЯ	111978-V	ПРИБЛИЗИТЬСЯ НА РАССТОЯНИЕ
ПРИМОСТИТЬСЯ	121163-V	ПРИЙТИ (ДОСТИГНУТЬ ПОСЛЕ К-Л. ДЕЙСТВИЙ)
ПРИМОСТИТЬСЯ	114108-V	ПЕЧАТАТЬ (ВОСПРОИЗВОДИТЬ)
ПРИМОСТИТЬСЯ	144051-V	ИЗДАТЕЛЬСКАЯ ДЕЯТЕЛЬНОСТЬ
ПРИМОСТИТЬСЯ	116009-V	ЗАПРЕТИТЬ (НЕ ПОЗВОЛИТЬ)
ПРИМОСТИТЬСЯ	118698-V	ДЕЙСТВИЕ, ЦЕЛЕНАПРАВЛЕННОЕ ДЕЙСТВИЕ
ПРИПЛЮСНУТЬ	106876-V	ВЫСКАЗАТЬ
ПРИПЛЮСНУТЬ	116816-V	ОБРАТИТЬСЯ СО СЛОВАМИ
ПРИПЛЮСНУТЬ	121163-V	ПРИЙТИ (ДОСТИГНУТЬ ПОСЛЕ К-Л. ДЕЙСТВИЙ)
ПРИПЛЮСНУТЬ	106961-V	СОРЕВНОВАНИЕ, СОСТЯЗАНИЕ
ПРИПЛЮСНУТЬ	118698-V	ДЕЙСТВИЕ, ЦЕЛЕНАПРАВЛЕННОЕ ДЕЙСТВИЕ
ПРИПЛЮСНУТЬ	117028-V	ДОГАДАТЬСЯ
ПРИПЛЮСНУТЬ	111978-V	ПРИБЛИЗИТЬСЯ НА РАССТОЯНИЕ
ПРИПЛЮСНУТЬ	142434-V	ПОСТАНОВКА ФИЛЬМА, ПРЕДСТАВЛЕНИЯ
ПРИПЛЮСНУТЬ	111641-V	КИНОФОТОСЪЕМКА
ПРИПЛЮСНУТЬ	116009-V	ЗАПРЕТИТЬ (НЕ ПОЗВОЛИТЬ)
ПРИСЛОНИТЬ	106876-V	ВЫСКАЗАТЬ
ПРИСЛОНИТЬ	116816-V	ОБРАТИТЬСЯ СО СЛОВАМИ
ПРИСЛОНИТЬ	121163-V	ПРИЙТИ (ДОСТИГНУТЬ ПОСЛЕ К-Л. ДЕЙСТВИЙ)
ПРИСЛОНИТЬ	142434-V	ПОСТАНОВКА ФИЛЬМА, ПРЕДСТАВЛЕНИЯ
ПРИСЛОНИТЬ	116009-V	ЗАПРЕТИТЬ (НЕ ПОЗВОЛИТЬ)
ПРИСЛОНИТЬ	118698-V	ДЕЙСТВИЕ, ЦЕЛЕНАПРАВЛЕННОЕ ДЕЙСТВИЕ
ПРИСЛОНИТЬ	106961-V	СОРЕВНОВАНИЕ, СОСТЯЗАНИЕ
ПРИСЛОНИТЬ	118698-V	ДЕЙСТВИЕ, ЦЕЛЕНАПРАВЛЕННОЕ ДЕЙСТВИЕ
ПРИСЛОНИТЬ	117028-V	ДОГАДАТЬСЯ
ПРИСЛОНИТЬ	106501-V	ЗАНЯТИЕ, ДЕЯТЕЛЬНОСТЬ
ПРИХОРАШИВАТЬСЯ	106876-V	ВЫСКАЗАТЬ
ПРИХОРАШИВАТЬСЯ	116816-V	ОБРАТИТЬСЯ СО СЛОВАМИ
ПРИХОРАШИВАТЬСЯ	121163-V	ПРИЙТИ (ДОСТИГНУТЬ ПОСЛЕ К-Л. ДЕЙСТВИЙ)
ПРИХОРАШИВАТЬСЯ	117028-V	ДОГАДАТЬСЯ
ПРИХОРАШИВАТЬСЯ	111735-V	ВЫЧИСЛИТЬ, ИСЧИСЛИТЬ
ПРИХОРАШИВАТЬСЯ	106638-V	УМЕНЬШИТЬ
ПРИХОРАШИВАТЬСЯ	111641-V	КИНОФОТОСЪЕМКА
ПРИХОРАШИВАТЬСЯ	107094-V	ПРОИЗНЕСТИ, ВЫГОВОРИТЬ, ПРОГОВОРИТЬ
ПРИХОРАШИВАТЬСЯ	116820-V	ОБЯЗАТЬ, НАЛОЖИТЬ ОБЯЗАННОСТЬ
ПРИХОРАШИВАТЬСЯ	121095-V	ЗАДАТЬ, ДАТЬ ЗАДАНИЕ
ПРИШПИЛИТЬ	106876-V	ВЫСКАЗАТЬ
ПРИШПИЛИТЬ	116816-V	ОБРАТИТЬСЯ СО СЛОВАМИ
ПРИШПИЛИТЬ	121163-V	ПРИЙТИ (ДОСТИГНУТЬ ПОСЛЕ К-Л. ДЕЙСТВИЙ)
ПРИШПИЛИТЬ	106961-V	СОРЕВНОВАНИЕ, СОСТЯЗАНИЕ
ПРИШПИЛИТЬ	118698-V	ДЕЙСТВИЕ, ЦЕЛЕНАПРАВЛЕННОЕ ДЕЙСТВИЕ
ПРИШПИЛИТЬ	142434-V	ПОСТАНОВКА ФИЛЬМА, ПРЕДСТАВЛЕНИЯ
ПРИШПИЛИТЬ	111641-V	КИНОФОТОСЪЕМКА
ПРИШПИЛИТЬ	106501-V	ЗАНЯТИЕ, ДЕЯТЕЛЬНОСТЬ
ПРИШПИЛИТЬ	272-V	ДИСКРИМИНАЦИЯ
ПРИШПИЛИТЬ	114032-V	ТОСКА (ГРУСТЬ, УНЫНИЕ)
ПРОДЛЯТЬ	106876-V	ВЫСКАЗАТЬ
ПРОДЛЯТЬ	116816-V	ОБРАТИТЬСЯ СО СЛОВАМИ
ПРОДЛЯТЬ	106961-V	СОРЕВНОВАНИЕ, СОСТЯЗАНИЕ
ПРОДЛЯТЬ	118698-V	ДЕЙСТВИЕ, ЦЕЛЕНАПРАВЛЕННОЕ ДЕЙСТВИЕ
ПРОДЛЯТЬ	114032-V	ТОСКА (ГРУСТЬ, УНЫНИЕ)
ПРОДЛЯТЬ	129183-V	РАССУЖДАТЬ (МЫСЛИТЬ, СТРОИТЬ УМОЗАКЛЮЧЕНИЕ)
ПРОДЛЯТЬ	130887-V	ВЫВЕСТИ, СДЕЛАТЬ ВЫВОД
ПРОДЛЯТЬ	142434-V	ПОСТАНОВКА ФИЛЬМА, ПРЕДСТАВЛЕНИЯ
ПРОДЛЯТЬ	120015-V	ВЫЗВАТЬ (ПОТРЕБОВАТЬ ЯВИТЬСЯ)
ПРОДЛЯТЬ	116009-V	ЗАПРЕТИТЬ (НЕ ПОЗВОЛИТЬ)
ПРОМУЛЬГИРОВАТЬ	106876-V	ВЫСКАЗАТЬ
ПРОМУЛЬГИРОВАТЬ	116816-V	ОБРАТИТЬСЯ СО СЛОВАМИ
ПРОМУЛЬГИРОВАТЬ	121163-V	ПРИЙТИ (ДОСТИГНУТЬ ПОСЛЕ К-Л. ДЕЙСТВИЙ)
ПРОМУЛЬГИРОВАТЬ	117028-V	ДОГАДАТЬСЯ
ПРОМУЛЬГИРОВАТЬ	111641-V	КИНОФОТОСЪЕМКА
ПРОМУЛЬГИРОВАТЬ	111735-V	ВЫЧИСЛИТЬ, ИСЧИСЛИТЬ
ПРОМУЛЬГИРОВАТЬ	106467-V	МЫСЛИТЕЛЬНЫЙ ПРОЦЕСС
ПРОМУЛЬГИРОВАТЬ	106638-V	УМЕНЬШИТЬ
ПРОМУЛЬГИРОВАТЬ	120821-V	СНЕСТИ, ОТНЕСТИ ВНИЗ
ПРОМУЛЬГИРОВАТЬ	121019-V	УВЛЕЧЬ ВЕТРОМ, ТЕЧЕНИЕМ
ПРОТОКОЛИРОВАТЬ	106876-V	ВЫСКАЗАТЬ
ПРОТОКОЛИРОВАТЬ	116816-V	ОБРАТИТЬСЯ СО СЛОВАМИ
ПРОТОКОЛИРОВАТЬ	121163-V	ПРИЙТИ (ДОСТИГНУТЬ ПОСЛЕ К-Л. ДЕЙСТВИЙ)
ПРОТОКОЛИРОВАТЬ	111735-V	ВЫЧИСЛИТЬ, ИСЧИСЛИТЬ
ПРОТОКОЛИРОВАТЬ	117028-V	ДОГАДАТЬСЯ
ПРОТОКОЛИРОВАТЬ	120821-V	СНЕСТИ, ОТНЕСТИ ВНИЗ
ПРОТОКОЛИРОВАТЬ	121019-V	УВЛЕЧЬ ВЕТРОМ, ТЕЧЕНИЕМ
ПРОТОКОЛИРОВАТЬ	116009-V	ЗАПРЕТИТЬ (НЕ ПОЗВОЛИТЬ)
ПРОТОКОЛИРОВАТЬ	118698-V	ДЕЙСТВИЕ, ЦЕЛЕНАПРАВЛЕННОЕ ДЕЙСТВИЕ
ПРОТОКОЛИРОВАТЬ	106638-V	УМЕНЬШИТЬ
ПРОТОРИТЬ	106876-V	ВЫСКАЗАТЬ
ПРОТОРИТЬ	116816-V	ОБРАТИТЬСЯ СО СЛОВАМИ
ПРОТОРИТЬ	117028-V	ДОГАДАТЬСЯ
ПРОТОРИТЬ	106884-V	СЧИТАТЬ, ПРИЗНАВАТЬ КЕМ-ЛИБО
ПРОТОРИТЬ	115486-V	ВКЛЮЧИТЬ В СОСТАВ
ПРОТОРИТЬ	129183-V	РАССУЖДАТЬ (МЫСЛИТЬ, СТРОИТЬ УМОЗАКЛЮЧЕНИЕ)
ПРОТОРИТЬ	130887-V	ВЫВЕСТИ, СДЕЛАТЬ ВЫВОД
ПРОТОРИТЬ	111978-V	ПРИБЛИЗИТЬСЯ НА РАССТОЯНИЕ
ПРОТОРИТЬ	116009-V	ЗАПРЕТИТЬ (НЕ ПОЗВОЛИТЬ)
ПРОТОРИТЬ	118698-V	ДЕЙСТВИЕ, ЦЕЛЕНАПРАВЛЕННОЕ ДЕЙСТВИЕ
ПУДРИТЬ	111978-V	ПРИБЛИЗИТЬСЯ НА РАССТОЯНИЕ
ПУДРИТЬ	112585-V	МЕТАТЬ, БРОСАТЬ С РАЗМАХОМ
ПУДРИТЬ	114364-V	ЛОВЛЯ ДОБЫЧИ
ПУДРИТЬ	3447-V	ОХОТА
ПУДРИТЬ	106884-V	СЧИТАТЬ, ПРИЗНАВАТЬ КЕМ-ЛИБО
ПУДРИТЬ	115486-V	ВКЛЮЧИТЬ В СОСТАВ
ПУДРИТЬ	129183-V	РАССУЖДАТЬ (МЫСЛИТЬ, СТРОИТЬ УМОЗАКЛЮЧЕНИЕ)
ПУДРИТЬ	130887-V	ВЫВЕСТИ, СДЕЛАТЬ ВЫВОД
ПУДРИТЬ	142434-V	ПОСТАНОВКА ФИЛЬМА, ПРЕДСТАВЛЕНИЯ
ПУДРИТЬ	110911-V	ВЫРВАТЬ, ВЫДРАТЬ
РАЗВАРИТЬ	106638-V	УМЕНЬШИТЬ
РАЗВАРИТЬ	142434-V	ПОСТАНОВКА ФИЛЬМА, ПРЕДСТАВЛЕНИЯ
РАЗВАРИТЬ	111641-V	КИНОФОТОСЪЕМКА
РАЗВАРИТЬ	112585-V	МЕТАТЬ, БРОСАТЬ С РАЗМАХОМ
РАЗВАРИТЬ	114364-V	ЛОВЛЯ ДОБЫЧИ
РАЗВАРИТЬ	3447-V	ОХОТА
РАЗВАРИТЬ	106961-V	СОРЕВНОВАНИЕ, СОСТЯЗАНИЕ
РАЗВАРИТЬ	118698-V	ДЕЙСТВИЕ, ЦЕЛЕНАПРАВЛЕННОЕ ДЕЙСТВИЕ
РАЗВАРИТЬ	106876-V	ВЫСКАЗАТЬ
РАЗВАРИТЬ	116816-V	ОБРАТИТЬСЯ СО СЛОВАМИ
РАЗГИБАТЬСЯ	106876-V	ВЫСКАЗАТЬ
РАЗГИБАТЬСЯ	116816-V	ОБРАТИТЬСЯ СО СЛОВАМИ
РАЗГИБАТЬСЯ	120015-V	ВЫЗВАТЬ (ПОТРЕБОВАТЬ ЯВИТЬСЯ)
РАЗГИБАТЬСЯ	106638-V	УМЕНЬШИТЬ
РАЗГИБАТЬСЯ	117028-V	ДОГАДАТЬСЯ
РАЗГИБАТЬСЯ	111978-V	ПРИБЛИЗИТЬСЯ НА РАССТОЯНИЕ
РАЗГИБАТЬСЯ	129792-V	ВОЗЛОЖИТЬ ОТВЕТСТВЕННОСТЬ
РАЗГИБАТЬСЯ	116009-V	ЗАПРЕТИТЬ (НЕ ПОЗВОЛИТЬ)
РАЗГИБАТЬСЯ	118698-V	ДЕЙСТВИЕ, ЦЕЛЕНАПРАВЛЕННОЕ ДЕЙСТВИЕ
РАЗГИБАТЬСЯ	111641-V	КИНОФОТОСЪЕМКА
РАЗГОВЕТЬСЯ	106876-V	ВЫСКАЗАТЬ
РАЗГОВЕТЬСЯ	116816-V	ОБРАТИТЬСЯ СО СЛОВАМИ
РАЗГОВЕТЬСЯ	117028-V	ДОГАДАТЬСЯ
РАЗГОВЕТЬСЯ	106638-V	УМЕНЬШИТЬ
РАЗГОВЕТЬСЯ	111978-V	ПРИБЛИЗИТЬСЯ НА РАССТОЯНИЕ
РАЗГОВЕТЬСЯ	120015-V	ВЫЗВАТЬ (ПОТРЕБОВАТЬ ЯВИТЬСЯ)
РАЗГОВЕТЬСЯ	111625-V	ЧЕРТИТЬ, ДЕЛАТЬ ЧЕРТЕЖ
РАЗГОВЕТЬСЯ	121163-V	ПРИЙТИ (ДОСТИГНУТЬ ПОСЛЕ К-Л. ДЕЙСТВИЙ)
РАЗГОВЕТЬСЯ	111641-V	КИНОФОТОСЪЕМКА
РАЗГОВЕТЬСЯ	129792-V	ВОЗЛОЖИТЬ ОТВЕТСТВЕННОСТЬ
РАЗЕВАТЬ	112585-V	МЕТАТЬ, БРОСАТЬ С РАЗМАХОМ
РАЗЕВАТЬ	114364-V	ЛОВЛЯ ДОБЫЧИ
РАЗЕВАТЬ	3447-V	ОХОТА
РАЗЕВАТЬ	106961-V	СОРЕВНОВАНИЕ, СОСТЯЗАНИЕ
РАЗЕВАТЬ	118698-V	ДЕЙСТВИЕ, ЦЕЛЕНАПРАВЛЕННОЕ ДЕЙСТВИЕ
РАЗЕВАТЬ	116009-V	ЗАПРЕТИТЬ (НЕ ПОЗВОЛИТЬ)
РАЗЕВАТЬ	118698-V	ДЕЙСТВИЕ, ЦЕЛЕНАПРАВЛЕННОЕ ДЕЙСТВИЕ
РАЗЕВАТЬ	106876-V	ВЫСКАЗАТЬ
РАЗЕВАТЬ	116816-V	ОБРАТИТЬСЯ СО СЛОВАМИ
РАЗЕВАТЬ	114032-V	ТОСКА (ГРУСТЬ, УНЫНИЕ)
РАЗМЕЧТАТЬСЯ	106876-V	ВЫСКАЗАТЬ
РАЗМЕЧТАТЬСЯ	116816-V	ОБРАТИТЬСЯ СО СЛОВАМИ
РАЗМЕЧТАТЬСЯ	117028-V	ДОГАДАТЬСЯ
РАЗМЕЧТАТЬСЯ	111641-V	КИНОФОТОСЪЕМКА
РАЗМЕЧТАТЬСЯ	121163-V	ПРИЙТИ (ДОСТИГНУТЬ ПОСЛЕ К-Л. ДЕЙСТВИЙ)
РАЗМЕЧТАТЬСЯ	142434-V	ПОСТАНОВКА ФИЛЬМА, ПРЕДСТАВЛЕНИЯ
РАЗМЕЧТАТЬСЯ	106638-V	УМЕНЬШИТЬ
РАЗМЕЧТАТЬСЯ	120015-V	ВЫЗВАТЬ (ПОТРЕБОВАТЬ ЯВИТЬСЯ)
РАЗМЕЧТАТЬСЯ	1221-V	ПРОИЗВОДСТВО ПРОДУКЦИИ
РАЗМЕЧТАТЬСЯ	129792-V	ВОЗЛОЖИТЬ ОТВЕТСТВЕННОСТЬ
РАЗМОРИТЬ	142434-V	ПОСТАНОВКА ФИЛЬМА, ПРЕДСТАВЛЕНИЯ
РАЗМОРИТЬ	106961-V	СОРЕВНОВАНИЕ, СОСТЯЗАНИЕ
РАЗМОРИТЬ	118698-V	ДЕЙСТВИЕ, ЦЕЛЕНАПРАВЛЕННОЕ ДЕЙСТВИЕ
РАЗМОРИТЬ	111641-V	КИНОФОТОСЪЕМКА
РАЗМОРИТЬ	117028-V	ДОГАДАТЬСЯ
РАЗМОРИТЬ	106876-V	ВЫСКАЗАТЬ
РАЗМОРИТЬ	116816-V	ОБРАТИТЬСЯ СО СЛОВАМИ
РАЗМОРИТЬ	112585-V	МЕТАТЬ, БРОСАТЬ С РАЗМАХОМ
РАЗМОРИТЬ	114364-V	ЛОВЛЯ ДОБЫЧИ
РАЗМОРИТЬ	3447-V	ОХОТА
РАЗОНРАВИТЬСЯ	106876-V	ВЫСКАЗАТЬ
РАЗОНРАВИТЬСЯ	116816-V	ОБРАТИТЬСЯ СО СЛОВАМИ
РАЗОНРАВИТЬСЯ	121163-V	ПРИЙТИ (ДОСТИГНУТЬ ПОСЛЕ К-Л. ДЕЙСТВИЙ)
РАЗОНРАВИТЬСЯ	117028-V	ДОГАДАТЬСЯ
РАЗОНРАВИТЬСЯ	106638-V	УМЕНЬШИТЬ
РАЗОНРАВИТЬСЯ	111641-V	КИНОФОТОСЪЕМКА
РАЗОНРАВИТЬСЯ	111735-V	ВЫЧИСЛИТЬ, ИСЧИСЛИТЬ
РАЗОНРАВИТЬСЯ	111978-V	ПРИБЛИЗИТЬСЯ НА РАССТОЯНИЕ
РАЗОНРАВИТЬСЯ	119491-V	ОТВЕРДЕТЬ
РАЗОНРАВИТЬСЯ	119493-V	СГУСТИТЬСЯ
РАЗУТЬ	112585-V	МЕТАТЬ, БРОСАТЬ С РАЗМАХОМ
РАЗУТЬ	114364-V	ЛОВЛЯ ДОБЫЧИ
РАЗУТЬ	3447-V	ОХОТА
РАЗУТЬ	106501-V	ЗАНЯТИЕ, ДЕЯТЕЛЬНОСТЬ
РАЗУТЬ	110440-V	ИСПОЛНИТЬ (ВОСПРОИЗВЕСТИ)
РАЗУТЬ	106961-V	СОРЕВНОВАНИЕ, СОСТЯЗАНИЕ
РАЗУТЬ	118698-V	ДЕЙСТВИЕ, ЦЕЛЕНАПРАВЛЕННОЕ ДЕЙСТВИЕ
РАЗУТЬ	106701-V	ДОСТИЧЬ, ДОБИТЬСЯ
РАЗУТЬ	1221-V	ПРОИЗВОДСТВО ПРОДУКЦИИ
РАЗУТЬ	5967-V	КИНОСЪЕМКА
РАСКОВАТЬ	116009-V	ЗАПРЕТИТЬ (НЕ ПОЗВОЛИТЬ)
РАСКОВАТЬ	118698-V	ДЕЙСТВИЕ, ЦЕЛЕНАПРАВЛЕННОЕ ДЕЙСТВИЕ
РАСКОВАТЬ	106638-V	УМЕНЬШИТЬ
РАСКОВАТЬ	106501-V	ЗАНЯТИЕ, ДЕЯТЕЛЬНОСТЬ
РАСКОВАТЬ	272-V	ДИСКРИМИНАЦИЯ
РАСКОВАТЬ	120821-V	СНЕСТИ, ОТНЕСТИ ВНИЗ
РАСКОВАТЬ	121019-V	УВЛЕЧЬ ВЕТРОМ, ТЕЧЕНИЕМ
РАСКОВАТЬ	111735-V	ВЫЧИСЛИТЬ, ИСЧИСЛИТЬ
РАСКОВАТЬ	106876-V	ВЫСКАЗАТЬ
РАСКОВАТЬ	116816-V	ОБРАТИТЬСЯ СО СЛОВАМИ
РАСПАРИТЬ	142434-V	ПОСТАНОВКА ФИЛЬМА, ПРЕДСТАВЛЕНИЯ
РАСПАРИТЬ	111641-V	КИНОФОТОСЪЕМКА
РАСПАРИТЬ	116009-V	ЗАПРЕТИТЬ (НЕ ПОЗВОЛИТЬ)
РАСПАРИТЬ	118698-V	ДЕЙСТВИЕ, ЦЕЛЕНАПРАВЛЕННОЕ ДЕЙСТВИЕ
РАСПАРИТЬ	106876-V	ВЫСКАЗАТЬ
РАСПАРИТЬ	116816-V	ОБРАТИТЬСЯ СО СЛОВАМИ
РАСПАРИТЬ	106961-V	СОРЕВНОВАНИЕ, СОСТЯЗАНИЕ
РАСПАРИТЬ	118698-V	ДЕЙСТВИЕ, ЦЕЛЕНАПРАВЛЕННОЕ ДЕЙСТВИЕ
РАСПАРИТЬ	111625-V	ЧЕРТИТЬ, ДЕЛАТЬ ЧЕРТЕЖ
РАСПАРИТЬ	114032-V	ТОСКА (ГРУСТЬ, УНЫНИЕ)
РАСПЕРЕЖИВАТЬСЯ	106876-V	ВЫСКАЗАТЬ
РАСПЕРЕЖИВАТЬСЯ	116816-V	ОБРАТИТЬСЯ СО СЛОВАМИ
РАСПЕРЕЖИВАТЬСЯ	121163-V	ПРИЙТИ (ДОСТИГНУТЬ ПОСЛЕ К-Л. ДЕЙСТВИЙ)
РАСПЕРЕЖИВАТЬСЯ	111641-V	КИНОФОТОСЪЕМКА
РАСПЕРЕЖИВАТЬСЯ	117028-V	ДОГАДАТЬСЯ
РАСПЕРЕЖИВАТЬСЯ	129792-V	ВОЗЛОЖИТЬ ОТВЕТСТВЕННОСТЬ
РАСПЕРЕЖИВАТЬСЯ	114396-V	ОБРАЩАТЬСЯ (ПОЛЬЗОВАТЬСЯ, ПРИМЕНЯТЬ)
РАСПЕРЕЖИВАТЬСЯ	106638-V	УМЕНЬШИТЬ
РАСПЕРЕЖИВАТЬСЯ	111625-V	ЧЕРТИТЬ, ДЕЛАТЬ ЧЕРТЕЖ
РАСПЕРЕЖИВАТЬСЯ	116009-V	ЗАПРЕТИТЬ (НЕ ПОЗВОЛИТЬ)
РАСПЛАСТАТЬСЯ	106876-V	ВЫСКАЗАТЬ
РАСПЛАСТАТЬСЯ	116816-V	ОБРАТИТЬСЯ СО СЛОВАМИ
РАСПЛАСТАТЬСЯ	116009-V	ЗАПРЕТИТЬ (НЕ ПОЗВОЛИТЬ)
РАСПЛАСТАТЬСЯ	118698-V	ДЕЙСТВИЕ, ЦЕЛЕНАПРАВЛЕННОЕ ДЕЙСТВИЕ
РАСПЛАСТАТЬСЯ	121163-V	ПРИЙТИ (ДОСТИГНУТЬ ПОСЛЕ К-Л. ДЕЙСТВИЙ)
РАСПЛАСТАТЬСЯ	111735-V	ВЫЧИСЛИТЬ, ИСЧИСЛИТЬ
РАСПЛАСТАТЬСЯ	106638-V	УМЕНЬШИТЬ
РАСПЛАСТАТЬСЯ	117028-V	ДОГАДАТЬСЯ
РАСПЛАСТАТЬСЯ	111625-V	ЧЕРТИТЬ, ДЕЛАТЬ ЧЕРТЕЖ
РАСПЛАСТАТЬСЯ	111641-V	КИНОФОТОСЪЕМКА
РАСТОЧИТЬ	106876-V	ВЫСКАЗАТЬ
РАСТОЧИТЬ	116816-V	ОБРАТИТЬСЯ СО СЛОВАМИ
РАСТОЧИТЬ	116009-V	ЗАПРЕТИТЬ (НЕ ПОЗВОЛИТЬ)
РАСТОЧИТЬ	118698-V	ДЕЙСТВИЕ, ЦЕЛЕНАПРАВЛЕННОЕ ДЕЙСТВИЕ
РАСТОЧИТЬ	117028-V	ДОГАДАТЬСЯ
РАСТОЧИТЬ	111978-V	ПРИБЛИЗИТЬСЯ НА РАССТОЯНИЕ
РАСТОЧИТЬ	120821-V	СНЕСТИ, ОТНЕСТИ ВНИЗ
РАСТОЧИТЬ	121019-V	УВЛЕЧЬ ВЕТРОМ, ТЕЧЕНИЕМ
РАСТОЧИТЬ	106884-V	СЧИТАТЬ, ПРИЗНАВАТЬ КЕМ-ЛИБО
РАСТОЧИТЬ	115486-V	ВКЛЮЧИТЬ В СОСТАВ
РАСЧЕХЛИТЬ	106876-V	ВЫСКАЗАТЬ
РАСЧЕХЛИТЬ	116816-V	ОБРАТИТЬСЯ СО СЛОВАМИ
РАСЧЕХЛИТЬ	117028-V	ДОГАДАТЬСЯ
РАСЧЕХЛИТЬ	121163-V	ПРИЙТИ (ДОСТИГНУТЬ ПОСЛЕ К-Л. ДЕЙСТВИЙ)
РАСЧЕХЛИТЬ	142434-V	ПОСТАНОВКА ФИЛЬМА, ПРЕДСТАВЛЕНИЯ
РАСЧЕХЛИТЬ	106884-V	СЧИТАТЬ, ПРИЗНАВАТЬ КЕМ-ЛИБО
РАСЧЕХЛИТЬ	115486-V	ВКЛЮЧИТЬ В СОСТАВ
РАСЧЕХЛИТЬ	116009-V	ЗАПРЕТИТЬ (НЕ ПОЗВОЛИТЬ)
РАСЧЕХЛИТЬ	118698-V	ДЕЙСТВИЕ, ЦЕЛЕНАПРАВЛЕННОЕ ДЕЙСТВИЕ
РАСЧЕХЛИТЬ	111735-V	ВЫЧИСЛИТЬ, ИСЧИСЛИТЬ
РЕКВИЗИРОВАТЬ	121163-V	ПРИЙТИ (ДОСТИГНУТЬ ПОСЛЕ К-Л. ДЕЙСТВИЙ)
РЕКВИЗИРОВАТЬ	106876-V	ВЫСКАЗАТЬ
РЕКВИЗИРОВАТЬ	116816-V	ОБРАТИТЬСЯ СО СЛОВАМИ
РЕКВИЗИРОВАТЬ	111735-V	ВЫЧИСЛИТЬ, ИСЧИСЛИТЬ
РЕКВИЗИРОВАТЬ	106638-V	УМЕНЬШИТЬ
РЕКВИЗИРОВАТЬ	120821-V	СНЕСТИ, ОТНЕСТИ ВНИЗ
РЕКВИЗИРОВАТЬ	121019-V	УВЛЕЧЬ ВЕТРОМ, ТЕЧЕНИЕМ
РЕКВИЗИРОВАТЬ	111641-V	КИНОФОТОСЪЕМКА
РЕКВИЗИРОВАТЬ	117028-V	ДОГАДАТЬСЯ
РЕКВИЗИРОВАТЬ	116009-V	ЗАПРЕТИТЬ (НЕ ПОЗВОЛИТЬ)
РУСЕТЬ	112585-V	МЕТАТЬ, БРОСАТЬ С РАЗМАХОМ
РУСЕТЬ	114364-V	ЛОВЛЯ ДОБЫЧИ
РУСЕТЬ	3447-V	ОХОТА
РУСЕТЬ	106501-V	ЗАНЯТИЕ, ДЕЯТЕЛЬНОСТЬ
РУСЕТЬ	110440-V	ИСПОЛНИТЬ (ВОСПРОИЗВЕСТИ)
РУСЕТЬ	129183-V	РАССУЖДАТЬ (МЫСЛИТЬ, СТРОИТЬ УМОЗАКЛЮЧЕНИЕ)
РУСЕТЬ	130887-V	ВЫВЕСТИ, СДЕЛАТЬ ВЫВОД
РУСЕТЬ	106477-V	ПОЯВИТЬСЯ, ВОЗНИКНУТЬ, НАЧАТЬСЯ
РУСЕТЬ	1221-V	ПРОИЗВОДСТВО ПРОДУКЦИИ
РУСЕТЬ	5967-V	КИНОСЪЕМКА
РЯВКНУТЬ	106876-V	ВЫСКАЗАТЬ
РЯВКНУТЬ	116816-V	ОБРАТИТЬСЯ СО СЛОВАМИ
РЯВКНУТЬ	129183-V	РАССУЖДАТЬ (МЫСЛИТЬ, СТРОИТЬ УМОЗАКЛЮЧЕНИЕ)
РЯВКНУТЬ	130887-V	ВЫВЕСТИ, СДЕЛАТЬ ВЫВОД
РЯВКНУТЬ	120015-V	ВЫЗВАТЬ (ПОТРЕБОВАТЬ ЯВИТЬСЯ)
РЯВКНУТЬ	117028-V	ДОГАДАТЬСЯ
РЯВКНУТЬ	116009-V	ЗАПРЕТИТЬ (НЕ ПОЗВОЛИТЬ)
РЯВКНУТЬ	118698-V	ДЕЙСТВИЕ, ЦЕЛЕНАПРАВЛЕННОЕ ДЕЙСТВИЕ
РЯВКНУТЬ	106961-V	СОРЕВНОВАНИЕ, СОСТЯЗАНИЕ
РЯВКНУТЬ	118698-V	ДЕЙСТВИЕ, ЦЕЛЕНАПРАВЛЕННОЕ ДЕЙСТВИЕ
СГРУДИТЬСЯ	106876-V	ВЫСКАЗАТЬ
СГРУДИТЬСЯ	116816-V	ОБРАТИТЬСЯ СО СЛОВАМИ
СГРУДИТЬСЯ	111978-V	ПРИБЛИЗИТЬСЯ НА РАССТОЯНИЕ
СГРУДИТЬСЯ	116009-V	ЗАПРЕТИТЬ (НЕ ПОЗВОЛИТЬ)
СГРУДИТЬСЯ	118698-V	ДЕЙСТВИЕ, ЦЕЛЕНАПРАВЛЕННОЕ ДЕЙСТВИЕ
СГРУДИТЬСЯ	117028-V	ДОГАДАТЬСЯ
СГРУДИТЬСЯ	106638-V	УМЕНЬШИТЬ
СГРУДИТЬСЯ	120015-V	ВЫЗВАТЬ (ПОТРЕБОВАТЬ ЯВИТЬСЯ)
СГРУДИТЬСЯ	111625-V	ЧЕРТИТЬ, ДЕЛАТЬ ЧЕРТЕЖ
СГРУДИТЬСЯ	111641-V	КИНОФОТОСЪЕМКА
СЕРЕБРИТЬ	106876-V	ВЫСКАЗАТЬ
СЕРЕБРИТЬ	116816-V	ОБРАТИТЬСЯ СО СЛОВАМИ
СЕРЕБРИТЬ	116009-V	ЗАПРЕТИТЬ (НЕ ПОЗВОЛИТЬ)
СЕРЕБРИТЬ	118698-V	ДЕЙСТВИЕ, ЦЕЛЕНАПРАВЛЕННОЕ ДЕЙСТВИЕ
СЕРЕБРИТЬ	106961-V	СОРЕВНОВАНИЕ, СОСТЯЗАНИЕ
СЕРЕБРИТЬ	118698-V	ДЕЙСТВИЕ, ЦЕЛЕНАПРАВЛЕННОЕ ДЕЙСТВИЕ
СЕРЕБРИТЬ	114032-V	ТОСКА (ГРУСТЬ, УНЫНИЕ)
СЕРЕБРИТЬ	106501-V	ЗАНЯТИЕ, ДЕЯТЕЛЬНОСТЬ
СЕРЕБРИТЬ	272-V	ДИСКРИМИНАЦИЯ
СЕРЕБРИТЬ	121163-V	ПРИЙТИ (ДОСТИГНУТЬ ПОСЛЕ К-Л. ДЕЙСТВИЙ)
СКАЛИТЬСЯ	106876-V	ВЫСКАЗАТЬ
СКАЛИТЬСЯ	116816-V	ОБРАТИТЬСЯ СО СЛОВАМИ
СКАЛИТЬСЯ	116009-V	ЗАПРЕТИТЬ (НЕ ПОЗВОЛИТЬ)
СКАЛИТЬСЯ	118698-V	ДЕЙСТВИЕ, ЦЕЛЕНАПРАВЛЕННОЕ ДЕЙСТВИЕ
СКАЛИТЬСЯ	111625-V	ЧЕРТИТЬ, ДЕЛАТЬ ЧЕРТЕЖ
СКАЛИТЬСЯ	106646-V	ОТНОШЕНИЕ МЕЖДУ СУЩНОСТЯМИ
СКАЛИТЬСЯ	120015-V	ВЫЗВАТЬ (ПОТРЕБОВАТЬ ЯВИТЬСЯ)
СКАЛИТЬСЯ	107093-V	ИЗДАТЬ ЗВУК
СКАЛИТЬСЯ	1221-V	ПРОИЗВОДСТВО ПРОДУКЦИИ
СКАЛИТЬСЯ	106501-V	ЗАНЯТИЕ, ДЕЯТЕЛЬНОСТЬ
СКОВЫРНУТЬ	116009-V	ЗАПРЕТИТЬ (НЕ ПОЗВОЛИТЬ)
СКОВЫРНУТЬ	118698-V	ДЕЙСТВИЕ, ЦЕЛЕНАПРАВЛЕННОЕ ДЕЙСТВИЕ
СКОВЫРНУТЬ	106876-V	ВЫСКАЗАТЬ
СКОВЫРНУТЬ	116816-V	ОБРАТИТЬСЯ СО СЛОВАМИ
СКОВЫРНУТЬ	106485-V	ПЕРЕСТАТЬ, ПРЕКРАТИТЬ (ЧТО-ТО ДЕЛАТЬ)
СКОВЫРНУТЬ	121163-V	ПРИЙТИ (ДОСТИГНУТЬ ПОСЛЕ К-Л. ДЕЙСТВИЙ)
СКОВЫРНУТЬ	106961-V	СОРЕВНОВАНИЕ, СОСТЯЗАНИЕ
СКОВЫРНУТЬ	118698-V	ДЕЙСТВИЕ, ЦЕЛЕНАПРАВЛЕННОЕ ДЕЙСТВИЕ
СКОВЫРНУТЬ	106501-V	ЗАНЯТИЕ, ДЕЯТЕЛЬНОСТЬ
СКОВЫРНУТЬ	272-V	ДИСКРИМИНАЦИЯ
СКУЧИТЬ	106884-V	СЧИТАТЬ, ПРИЗНАВАТЬ КЕМ-ЛИБО
СКУЧИТЬ	115486-V	ВКЛЮЧИТЬ В СОСТАВ
СКУЧИТЬ	106646-V	ОТНОШЕНИЕ МЕЖДУ СУЩНОСТЯМИ
СКУЧИТЬ	116009-V	ЗАПРЕТИТЬ (НЕ ПОЗВОЛИТЬ)
СКУЧИТЬ	118698-V	ДЕЙСТВИЕ, ЦЕЛЕНАПРАВЛЕННОЕ ДЕЙСТВИЕ
СКУЧИТЬ	112585-V	МЕТАТЬ, БРОСАТЬ С РАЗМАХОМ
СКУЧИТЬ	114364-V	ЛОВЛЯ ДОБЫЧИ
СКУЧИТЬ	3447-V	ОХОТА
СКУЧИТЬ	127271-V	ПРИЛЕГАТЬ, ПРИМЫКАТЬ
СКУЧИТЬ	106501-V	ЗАНЯТИЕ, ДЕЯТЕЛЬНОСТЬ
СМОЛИТЬ	106961-V	СОРЕВНОВАНИЕ, СОСТЯЗАНИЕ
СМОЛИТЬ	118698-V	ДЕЙСТВИЕ, ЦЕЛЕНАПРАВЛЕННОЕ ДЕЙСТВИЕ
СМОЛИТЬ	142434-V	ПОСТАНОВКА ФИЛЬМА, ПРЕДСТАВЛЕНИЯ
СМОЛИТЬ	106501-V	ЗАНЯТИЕ, ДЕЯТЕЛЬНОСТЬ
СМОЛИТЬ	272-V	ДИСКРИМИНАЦИЯ
СМОЛИТЬ	117899-V	ВАЛИТЬ (ДВИГАТЬСЯ МАССОЙ)
СМОЛИТЬ	110911-V	ВЫРВАТЬ, ВЫДРАТЬ
СМОЛИТЬ	106884-V	СЧИТАТЬ, ПРИЗНАВАТЬ КЕМ-ЛИБО
СМОЛИТЬ	115486-V	ВКЛЮЧИТЬ В СОСТАВ
СМОЛИТЬ	114032-V	ТОСКА (ГРУСТЬ, УНЫНИЕ)
СНЕЖИТЬ	106961-V	СОРЕВНОВАНИЕ, СОСТЯЗАНИЕ
СНЕЖИТЬ	118698-V	ДЕЙСТВИЕ, ЦЕЛЕНАПРАВЛЕННОЕ ДЕЙСТВИЕ
СНЕЖИТЬ	114032-V	ТОСКА (ГРУСТЬ, УНЫНИЕ)
СНЕЖИТЬ	112585-V	МЕТАТЬ, БРОСАТЬ С РАЗМАХОМ
СНЕЖИТЬ	114364-V	ЛОВЛЯ ДОБЫЧИ
СНЕЖИТЬ	3447-V	ОХОТА
СНЕЖИТЬ	111978-V	ПРИБЛИЗИТЬСЯ НА РАССТОЯНИЕ
СНЕЖИТЬ	110911-V	ВЫРВАТЬ, ВЫДРАТЬ
СНЕЖИТЬ	116009-V	ЗАПРЕТИТЬ (НЕ ПОЗВОЛИТЬ)
СНЕЖИТЬ	118698-V	ДЕЙСТВИЕ, ЦЕЛЕНАПРАВЛЕННОЕ ДЕЙСТВИЕ
СПЕЧЬСЯ	106876-V	ВЫСКАЗАТЬ
СПЕЧЬСЯ	116816-V	ОБРАТИТЬСЯ СО СЛОВАМИ
СПЕЧЬСЯ	120015-V	ВЫЗВАТЬ (ПОТРЕБОВАТЬ ЯВИТЬСЯ)
СПЕЧЬСЯ	107441-V	НАЧАТЬ, ПРИСТУПИТЬ, ПРИНЯТЬСЯ
СПЕЧЬСЯ	106646-V	ОТНОШЕНИЕ МЕЖДУ СУЩНОСТЯМИ
СПЕЧЬСЯ	1221-V	ПРОИЗВОДСТВО ПРОДУКЦИИ
СПЕЧЬСЯ	5967-V	КИНОСЪЕМКА
СПЕЧЬСЯ	116009-V	ЗАПРЕТИТЬ (НЕ ПОЗВОЛИТЬ)
СПЕЧЬСЯ	118698-V	ДЕЙСТВИЕ, ЦЕЛЕНАПРАВЛЕННОЕ ДЕЙСТВИЕ
СПЕЧЬСЯ	113462-V	ПОЧТЕНИЕ
СПЛЮЩИТЬ	142434-V	ПОСТАНОВКА ФИЛЬМА, ПРЕДСТАВЛЕНИЯ
СПЛЮЩИТЬ	106961-V	СОРЕВНОВАНИЕ, СОСТЯЗАНИЕ
СПЛЮЩИТЬ	118698-V	ДЕЙСТВИЕ, ЦЕЛЕНАПРАВЛЕННОЕ ДЕЙСТВИЕ
СПЛЮЩИТЬ	114032-V	ТОСКА (ГРУСТЬ, УНЫНИЕ)
СПЛЮЩИТЬ	116009-V	ЗАПРЕТИТЬ (НЕ ПОЗВОЛИТЬ)
СПЛЮЩИТЬ	118698-V	ДЕЙСТВИЕ, ЦЕЛЕНАПРАВЛЕННОЕ ДЕЙСТВИЕ
СПЛЮЩИТЬ	106501-V	ЗАНЯТИЕ, ДЕЯТЕЛЬНОСТЬ
СПЛЮЩИТЬ	272-V	ДИСКРИМИНАЦИЯ
СПЛЮЩИТЬ	117899-V	ВАЛИТЬ (ДВИГАТЬСЯ МАССОЙ)
СПЛЮЩИТЬ	111641-V	КИНОФОТОСЪЕМКА
СТЕСАТЬ	116009-V	ЗАПРЕТИТЬ (НЕ ПОЗВОЛИТЬ)
СТЕСАТЬ	118698-V	ДЕЙСТВИЕ, ЦЕЛЕНАПРАВЛЕННОЕ ДЕЙСТВИЕ
СТЕСАТЬ	111978-V	ПРИБЛИЗИТЬСЯ НА РАССТОЯНИЕ
СТЕСАТЬ	106876-V	ВЫСКАЗАТЬ
СТЕСАТЬ	116816-V	ОБРАТИТЬСЯ СО СЛОВАМИ
СТЕСАТЬ	112585-V	МЕТАТЬ, БРОСАТЬ С РАЗМАХОМ
СТЕСАТЬ	114364-V	ЛОВЛЯ ДОБЫЧИ
СТЕСАТЬ	3447-V	ОХОТА
СТЕСАТЬ	127271-V	ПРИЛЕГАТЬ, ПРИМЫКАТЬ
СТЕСАТЬ	106961-V	СОРЕВНОВАНИЕ, СОСТЯЗАНИЕ
СФОРМОВАТЬ	106961-V	СОРЕВНОВАНИЕ, СОСТЯЗАНИЕ
СФОРМОВАТЬ	118698-V	ДЕЙСТВИЕ, ЦЕЛЕНАПРАВЛЕННОЕ ДЕЙСТВИЕ
СФОРМОВАТЬ	116009-V	ЗАПРЕТИТЬ (НЕ ПОЗВОЛИТЬ)
СФОРМОВАТЬ	118698-V	ДЕЙСТВИЕ, ЦЕЛЕНАПРАВЛЕННОЕ ДЕЙСТВИЕ
СФОРМОВАТЬ	106876-V	ВЫСКАЗАТЬ
СФОРМОВАТЬ	116816-V	ОБРАТИТЬСЯ СО СЛОВАМИ
СФОРМОВАТЬ	113462-V	ПОЧТЕНИЕ
СФОРМОВАТЬ	142434-V	ПОСТАНОВКА ФИЛЬМА, ПРЕДСТАВЛЕНИЯ
СФОРМОВАТЬ	106501-V	ЗАНЯТИЕ, ДЕЯТЕЛЬНОСТЬ
СФОРМОВАТЬ	272-V	ДИСКРИМИНАЦИЯ
СЮСЮКАТЬ	116009-V	ЗАПРЕТИТЬ (НЕ ПОЗВОЛИТЬ)
СЮСЮКАТЬ	118698-V	ДЕЙСТВИЕ, ЦЕЛЕНАПРАВЛЕННОЕ ДЕЙСТВИЕ
СЮСЮКАТЬ	106961-V	СОРЕВНОВАНИЕ, СОСТЯЗАНИЕ
СЮСЮКАТЬ	118698-V	ДЕЙСТВИЕ, ЦЕЛЕНАПРАВЛЕННОЕ ДЕЙСТВИЕ
СЮСЮКАТЬ	112585-V	МЕТАТЬ, БРОСАТЬ С РАЗМАХОМ
СЮСЮКАТЬ	114364-V	ЛОВЛЯ ДОБЫЧИ
СЮСЮКАТЬ	3447-V	ОХОТА
СЮСЮКАТЬ	106876-V	ВЫСКАЗАТЬ
СЮСЮКАТЬ	116816-V	ОБРАТИТЬСЯ СО СЛОВАМИ
СЮСЮКАТЬ	106646-V	ОТНОШЕНИЕ МЕЖДУ СУЩНОСТЯМИ
ТОЛОЧЬ	106884-V	СЧИТАТЬ, ПРИЗНАВАТЬ КЕМ-ЛИБО
ТОЛОЧЬ	115486-V	ВКЛЮЧИТЬ В СОСТАВ
ТОЛОЧЬ	106501-V	ЗАНЯТИЕ, ДЕЯТЕЛЬНОСТЬ
ТОЛОЧЬ	272-V	ДИСКРИМИНАЦИЯ
ТОЛОЧЬ	142434-V	ПОСТАНОВКА ФИЛЬМА, ПРЕДСТАВЛЕНИЯ
ТОЛОЧЬ	106961-V	СОРЕВНОВАНИЕ, СОСТЯЗАНИЕ
ТОЛОЧЬ	118698-V	ДЕЙСТВИЕ, ЦЕЛЕНАПРАВЛЕННОЕ ДЕЙСТВИЕ
ТОЛОЧЬ	112585-V	МЕТАТЬ, БРОСАТЬ С РАЗМАХОМ
ТОЛОЧЬ	114364-V	ЛОВЛЯ ДОБЫЧИ
ТОЛОЧЬ	3447-V	ОХОТА
ТЩИТЬСЯ	120015-V	ВЫЗВАТЬ (ПОТРЕБОВАТЬ ЯВИТЬСЯ)
ТЩИТЬСЯ	106876-V	ВЫСКАЗАТЬ
ТЩИТЬСЯ	116816-V	ОБРАТИТЬСЯ СО СЛОВАМИ
ТЩИТЬСЯ	129183-V	РАССУЖДАТЬ (МЫСЛИТЬ, СТРОИТЬ УМОЗАКЛЮЧЕНИЕ)
ТЩИТЬСЯ	130887-V	ВЫВЕСТИ, СДЕЛАТЬ ВЫВОД
ТЩИТЬСЯ	1221-V	ПРОИЗВОДСТВО ПРОДУКЦИИ
ТЩИТЬСЯ	5967-V	КИНОСЪЕМКА
ТЩИТЬСЯ	107441-V	НАЧАТЬ, ПРИСТУПИТЬ, ПРИНЯТЬСЯ
ТЩИТЬСЯ	106876-V	ВЫСКАЗАТЬ
ТЩИТЬСЯ	117970-V	ВАЖНИЧАТЬ
УВОЛОЧЬ	106961-V	СОРЕВНОВАНИЕ, СОСТЯЗАНИЕ
УВОЛОЧЬ	118698-V	ДЕЙСТВИЕ, ЦЕЛЕНАПРАВЛЕННОЕ ДЕЙСТВИЕ
УВОЛОЧЬ	113462-V	ПОЧТЕНИЕ
УВОЛОЧЬ	142434-V	ПОСТАНОВКА ФИЛЬМА, ПРЕДСТАВЛЕНИЯ
УВОЛОЧЬ	106884-V	СЧИТАТЬ, ПРИЗНАВАТЬ КЕМ-ЛИБО
УВОЛОЧЬ	115486-V	ВКЛЮЧИТЬ В СОСТАВ
УВОЛОЧЬ	112585-V	МЕТАТЬ, БРОСАТЬ С РАЗМАХОМ
УВОЛОЧЬ	114364-V	ЛОВЛЯ ДОБЫЧИ
УВОЛОЧЬ	3447-V	ОХОТА
УВОЛОЧЬ	106646-V	ОТНОШЕНИЕ МЕЖДУ СУЩНОСТЯМИ
УЛЮЛЮКАТЬ	116009-V	ЗАПРЕТИТЬ (НЕ ПОЗВОЛИТЬ)
УЛЮЛЮКАТЬ	118698-V	ДЕЙСТВИЕ, ЦЕЛЕНАПРАВЛЕННОЕ ДЕЙСТВИЕ
УЛЮЛЮКАТЬ	106961-V	СОРЕВНОВАНИЕ, СОСТЯЗАНИЕ
УЛЮЛЮКАТЬ	118698-V	ДЕЙСТВИЕ, ЦЕЛЕНАПРАВЛЕННОЕ ДЕЙСТВИЕ
УЛЮЛЮКАТЬ	114396-V	ОБРАЩАТЬСЯ (ПОЛЬЗОВАТЬСЯ, ПРИМЕНЯТЬ)
УЛЮЛЮКАТЬ	142434-V	ПОСТАНОВКА ФИЛЬМА, ПРЕДСТАВЛЕНИЯ
УЛЮЛЮКАТЬ	106884-V	СЧИТАТЬ, ПРИЗНАВАТЬ КЕМ-ЛИБО
УЛЮЛЮКАТЬ	115486-V	ВКЛЮЧИТЬ В СОСТАВ
УЛЮЛЮКАТЬ	106876-V	ВЫСКАЗАТЬ
УЛЮЛЮКАТЬ	116816-V	ОБРАТИТЬСЯ СО СЛОВАМИ
УМЯТЬ	123430-V	КРИТИКОВАТЬ (ОБСУЖДАТЬ, РАЗБИРАТЬ С ЦЕЛЬЮ ОЦЕНИТЬ)
УМЯТЬ	106938-V	ПЕРЕМЕСТИТЬ
УМЯТЬ	1221-V	ПРОИЗВОДСТВО ПРОДУКЦИИ
УМЯТЬ	5967-V	КИНОСЪЕМКА
УМЯТЬ	111100-V	ПЛАВИТЬ
УМЯТЬ	129701-V	ВАРКА (ТЕХНОЛОГИЧЕСКИЙ ПРОЦЕСС)
УМЯТЬ	106501-V	ЗАНЯТИЕ, ДЕЯТЕЛЬНОСТЬ
УМЯТЬ	110440-V	ИСПОЛНИТЬ (ВОСПРОИЗВЕСТИ)
УМЯТЬ	106501-V	ЗАНЯТИЕ, ДЕЯТЕЛЬНОСТЬ
УМЯТЬ	111564-V	КЛЕЙМИТЬ, СТАВИТЬ КЛЕЙМО
УСЛАЖДАТЬ	116009-V	ЗАПРЕТИТЬ (НЕ ПОЗВОЛИТЬ)
УСЛАЖДАТЬ	118698-V	ДЕЙСТВИЕ, ЦЕЛЕНАПРАВЛЕННОЕ ДЕЙСТВИЕ
УСЛАЖДАТЬ	106876-V	ВЫСКАЗАТЬ
УСЛАЖДАТЬ	116816-V	ОБРАТИТЬСЯ СО СЛОВАМИ
УСЛАЖДАТЬ	106638-V	УМЕНЬШИТЬ
УСЛАЖДАТЬ	106961-V	СОРЕВНОВАНИЕ, СОСТЯЗАНИЕ
УСЛАЖДАТЬ	118698-V	ДЕЙСТВИЕ, ЦЕЛЕНАПРАВЛЕННОЕ ДЕЙСТВИЕ
УСЛАЖДАТЬ	120015-V	ВЫЗВАТЬ (ПОТРЕБОВАТЬ ЯВИТЬСЯ)
УСЛАЖДАТЬ	106884-V	СЧИТАТЬ, ПРИЗНАВАТЬ КЕМ-ЛИБО
УСЛАЖДАТЬ	115486-V	ВКЛЮЧИТЬ В СОСТАВ
УТОНЧИТЬ	117028-V	ДОГАДАТЬСЯ
УТОНЧИТЬ	106884-V	СЧИТАТЬ, ПРИЗНАВАТЬ КЕМ-ЛИБО
УТОНЧИТЬ	115486-V	ВКЛЮЧИТЬ В СОСТАВ
УТОНЧИТЬ	106961-V	СОРЕВНОВАНИЕ, СОСТЯЗАНИЕ
УТОНЧИТЬ	118698-V	ДЕЙСТВИЕ, ЦЕЛЕНАПРАВЛЕННОЕ ДЕЙСТВИЕ
УТОНЧИТЬ	129183-V	РАССУЖДАТЬ (МЫСЛИТЬ, СТРОИТЬ УМОЗАКЛЮЧЕНИЕ)
УТОНЧИТЬ	130887-V	ВЫВЕСТИ, СДЕЛАТЬ ВЫВОД
УТОНЧИТЬ	142434-V	ПОСТАНОВКА ФИЛЬМА, ПРЕДСТАВЛЕНИЯ
УТОНЧИТЬ	111978-V	ПРИБЛИЗИТЬСЯ НА РАССТОЯНИЕ
УТОНЧИТЬ	106876-V	ВЫСКАЗАТЬ
ФЛУОРЕСЦИРОВАТЬ	106876-V	ВЫСКАЗАТЬ
ФЛУОРЕСЦИРОВАТЬ	116816-V	ОБРАТИТЬСЯ СО СЛОВАМИ
ФЛУОРЕСЦИРОВАТЬ	121163-V	ПРИЙТИ (ДОСТИГНУТЬ ПОСЛЕ К-Л. ДЕЙСТВИЙ)
ФЛУОРЕСЦИРОВАТЬ	111735-V	ВЫЧИСЛИТЬ, ИСЧИСЛИТЬ
ФЛУОРЕСЦИРОВАТЬ	117028-V	ДОГАДАТЬСЯ
ФЛУОРЕСЦИРОВАТЬ	116009-V	ЗАПРЕТИТЬ (НЕ ПОЗВОЛИТЬ)
ФЛУОРЕСЦИРОВАТЬ	118698-V	ДЕЙСТВИЕ, ЦЕЛЕНАПРАВЛЕННОЕ ДЕЙСТВИЕ
ФЛУОРЕСЦИРОВАТЬ	111641-V	КИНОФОТОСЪЕМКА
ФЛУОРЕСЦИРОВАТЬ	106467-V	МЫСЛИТЕЛЬНЫЙ ПРОЦЕСС
ФЛУОРЕСЦИРОВАТЬ	120821-V	СНЕСТИ, ОТНЕСТИ ВНИЗ
ХЛОРИРОВАТЬ	106876-V	ВЫСКАЗАТЬ
ХЛОРИРОВАТЬ	116816-V	ОБРАТИТЬСЯ СО СЛОВАМИ
ХЛОРИРОВАТЬ	111735-V	ВЫЧИСЛИТЬ, ИСЧИСЛИТЬ
ХЛОРИРОВАТЬ	121163-V	ПРИЙТИ (ДОСТИГНУТЬ ПОСЛЕ К-Л. ДЕЙСТВИЙ)
ХЛОРИРОВАТЬ	117028-V	ДОГАДАТЬСЯ
ХЛОРИРОВАТЬ	116009-V	ЗАПРЕТИТЬ (НЕ ПОЗВОЛИТЬ)
ХЛОРИРОВАТЬ	118698-V	ДЕЙСТВИЕ, ЦЕЛЕНАПРАВЛЕННОЕ ДЕЙСТВИЕ
ХЛОРИРОВАТЬ	120821-V	СНЕСТИ, ОТНЕСТИ ВНИЗ
ХЛОРИРОВАТЬ	121019-V	УВЛЕЧЬ ВЕТРОМ, ТЕЧЕНИЕМ
ХЛОРИРОВАТЬ	106961-V	СОРЕВНОВАНИЕ, СОСТЯЗАНИЕ
ХРИСТОСОВАТЬСЯ	106876-V	ВЫСКАЗАТЬ
ХРИСТОСОВАТЬСЯ	116816-V	ОБРАТИТЬСЯ СО СЛОВАМИ
ХРИСТОСОВАТЬСЯ	111735-V	ВЫЧИСЛИТЬ, ИСЧИСЛИТЬ
ХРИСТОСОВАТЬСЯ	116009-V	ЗАПРЕТИТЬ (НЕ ПОЗВОЛИТЬ)
ХРИСТОСОВАТЬСЯ	118698-V	ДЕЙСТВИЕ, ЦЕЛЕНАПРАВЛЕННОЕ ДЕЙСТВИЕ
ХРИСТОСОВАТЬСЯ	117028-V	ДОГАДАТЬСЯ
ХРИСТОСОВАТЬСЯ	121163-V	ПРИЙТИ (ДОСТИГНУТЬ ПОСЛЕ К-Л. ДЕЙСТВИЙ)
ХРИСТОСОВАТЬСЯ	1359-V	ОПУБЛИКОВАНИЕ
ХРИСТОСОВАТЬСЯ	114108-V	ПЕЧАТАТЬ (ВОСПРОИЗВОДИТЬ)
ХРИСТОСОВАТЬСЯ	144051-V	ИЗДАТЕЛЬСКАЯ ДЕЯТЕЛЬНОСТЬ
ЦИВИЛИЗОВАТЬ	106876-V	ВЫСКАЗАТЬ
ЦИВИЛИЗОВАТЬ	116816-V	ОБРАТИТЬСЯ СО СЛОВАМИ
ЦИВИЛИЗОВАТЬ	111735-V	ВЫЧИСЛИТЬ, ИСЧИСЛИТЬ
ЦИВИЛИЗОВАТЬ	106638-V	УМЕНЬШИТЬ
ЦИВИЛИЗОВАТЬ	116009-V	ЗАПРЕТИТЬ (НЕ ПОЗВОЛИТЬ)
ЦИВИЛИЗОВАТЬ	118698-V	ДЕЙСТВИЕ, ЦЕЛЕНАПРАВЛЕННОЕ ДЕЙСТВИЕ
ЦИВИЛИЗОВАТЬ	121163-V	ПРИЙТИ (ДОСТИГНУТЬ ПОСЛЕ К-Л. ДЕЙСТВИЙ)
ЦИВИЛИЗОВАТЬ	111978-V	ПРИБЛИЗИТЬСЯ НА РАССТОЯНИЕ
ЦИВИЛИЗОВАТЬ	106501-V	ЗАНЯТИЕ, ДЕЯТЕЛЬНОСТЬ
ЦИВИЛИЗОВАТЬ	272-V	ДИСКРИМИНАЦИЯ
ЧАВКАТЬ	106484-V	КОНЧИТЬСЯ, ПРЕКРАТИТЬСЯ
ЧАВКАТЬ	147589-V	ТЕЧЕНИЕ ВРЕМЕНИ
ЧАВКАТЬ	116009-V	ЗАПРЕТИТЬ (НЕ ПОЗВОЛИТЬ)
ЧАВКАТЬ	118698-V	ДЕЙСТВИЕ, ЦЕЛЕНАПРАВЛЕННОЕ ДЕЙСТВИЕ
ЧАВКАТЬ	112585-V	МЕТАТЬ, БРОСАТЬ С РАЗМАХОМ
ЧАВКАТЬ	114364-V	ЛОВЛЯ ДОБЫЧИ
ЧАВКАТЬ	3447-V	ОХОТА
ЧАВКАТЬ	106884-V	СЧИТАТЬ, ПРИЗНАВАТЬ КЕМ-ЛИБО
ЧАВКАТЬ	115486-V	ВКЛЮЧИТЬ В СОСТАВ
ЧАВКАТЬ	106638-V	УМЕНЬШИТЬ
ЧЕРТЫХАТЬСЯ	106876-V	ВЫСКАЗАТЬ
ЧЕРТЫХАТЬСЯ	116816-V	ОБРАТИТЬСЯ СО СЛОВАМИ
ЧЕРТЫХАТЬСЯ	117028-V	ДОГАДАТЬСЯ
ЧЕРТЫХАТЬСЯ	106638-V	УМЕНЬШИТЬ
ЧЕРТЫХАТЬСЯ	111641-V	КИНОФОТОСЪЕМКА
ЧЕРТЫХАТЬСЯ	106886-V	ИЗЛОЖИТЬ
ЧЕРТЫХАТЬСЯ	116009-V	ЗАПРЕТИТЬ (НЕ ПОЗВОЛИТЬ)
ЧЕРТЫХАТЬСЯ	118698-V	ДЕЙСТВИЕ, ЦЕЛЕНАПРАВЛЕННОЕ ДЕЙСТВИЕ
ЧЕРТЫХАТЬСЯ	121163-V	ПРИЙТИ (ДОСТИГНУТЬ ПОСЛЕ К-Л. ДЕЙСТВИЙ)
ЧЕРТЫХАТЬСЯ	111625-V	ЧЕРТИТЬ, ДЕЛАТЬ ЧЕРТЕЖ
ЧОКАТЬСЯ	106876-V	ВЫСКАЗАТЬ
ЧОКАТЬСЯ	116816-V	ОБРАТИТЬСЯ СО СЛОВАМИ
ЧОКАТЬСЯ	116009-V	ЗАПРЕТИТЬ (НЕ ПОЗВОЛИТЬ)
ЧОКАТЬСЯ	118698-V	ДЕЙСТВИЕ, ЦЕЛЕНАПРАВЛЕННОЕ ДЕЙСТВИЕ
ЧОКАТЬСЯ	117028-V	ДОГАДАТЬСЯ
ЧОКАТЬСЯ	129188-V	РАЗВЕСТИ, РАСПЛОДИТЬ
ЧОКАТЬСЯ	120015-V	ВЫЗВАТЬ (ПОТРЕБОВАТЬ ЯВИТЬСЯ)
ЧОКАТЬСЯ	129183-V	РАССУЖДАТЬ (МЫСЛИТЬ, СТРОИТЬ УМОЗАКЛЮЧЕНИЕ)
ЧОКАТЬСЯ	130887-V	ВЫВЕСТИ, СДЕЛАТЬ ВЫВОД
ЧОКАТЬСЯ	111625-V	ЧЕРТИТЬ, ДЕЛАТЬ ЧЕРТЕЖ
ШТОПАТЬ	112585-V	МЕТАТЬ, БРОСАТЬ С РАЗМАХОМ
ШТОПАТЬ	114364-V	ЛОВЛЯ ДОБЫЧИ
ШТОПАТЬ	3447-V	ОХОТА
ШТОПАТЬ	116009-V	ЗАПРЕТИТЬ (НЕ ПОЗВОЛИТЬ)
ШТОПАТЬ	118698-V	ДЕЙСТВИЕ, ЦЕЛЕНАПРАВЛЕННОЕ ДЕЙСТВИЕ
ШТОПАТЬ	129183-V	РАССУЖДАТЬ (МЫСЛИТЬ, СТРОИТЬ УМОЗАКЛЮЧЕНИЕ)
ШТОПАТЬ	130887-V	ВЫВЕСТИ, СДЕЛАТЬ ВЫВОД
ШТОПАТЬ	114032-V	ТОСКА (ГРУСТЬ, УНЫНИЕ)
ШТОПАТЬ	127271-V	ПРИЛЕГАТЬ, ПРИМЫКАТЬ
ШТОПАТЬ	106876-V	ВЫСКАЗАТЬ
